0.94728044,1.00000000,1.00000000,1.00000000,-0.03000000,-0.02000000,-0.13000000,334.56250000,0.81250000,3.00000000,0.97509766,-0.02423096,-0.01324463,0.21997070
0.94728044,1.00000000,1.00000000,1.00000000,-0.03000000,-0.01000000,-0.14000000,334.56250000,0.81250000,3.00000000,0.97509766,-0.02423096,-0.01324463,0.21997070
0.94728044,1.00000000,1.00000000,1.00000000,-0.03000000,-0.01000000,-0.12000000,334.56250000,0.81250000,3.00000000,0.97509766,-0.02423096,-0.01324463,0.21997070
0.94728044,1.00000000,1.00000000,1.00000000,-0.03000000,-0.02000000,-0.13000000,334.56250000,0.81250000,3.00000000,0.97509766,-0.02423096,-0.01324463,0.21997070
0.94728044,1.00000000,1.00000000,1.00000000,0.00000000,-0.02000000,-0.11000000,334.56250000,0.81250000,3.00000000,0.97509766,-0.02423096,-0.01324463,0.21997070
0.94728044,1.00000000,1.00000000,1.00000000,-0.01000000,-0.02000000,-0.14000000,334.56250000,0.81250000,3.00000000,-1.02490234,-0.02423096,-0.01324463,0.21997070
0.94728044,1.00000000,1.00000000,1.00000000,-0.04000000,-0.01000000,-0.09000000,334.56250000,0.81250000,3.00000000,0.97509766,-0.02423096,-0.01324463,0.21997070
0.94728044,1.00000000,1.00000000,1.00000000,-0.03000000,-0.02000000,-0.13000000,334.56250000,0.81250000,3.00000000,0.97509766,-0.02423096,-0.01324463,0.21997070
0.94728044,1.00000000,1.00000000,1.00000000,-0.02000000,-0.03000000,-0.13000000,334.56250000,0.81250000,3.00000000,0.97509766,-0.02423096,-0.01324463,0.21997070
0.94728044,1.00000000,1.00000000,1.00000000,-0.03000000,-0.02000000,-0.15000000,334.56250000,0.81250000,3.00000000,0.97509766,-0.02423096,-0.01324463,0.21997070
0.94728044,1.00000000,1.00000000,1.00000000,-0.03000000,-0.01000000,-0.15000000,334.56250000,0.81250000,3.00000000,0.97509766,-0.02423096,-0.01324463,0.21997070
0.94728044,1.00000000,1.00000000,1.00000000,0.00000000,-0.01000000,-0.14000000,334.56250000,0.81250000,3.00000000,0.97509766,-0.02423096,-0.01324463,0.21997070
0.94728044,1.00000000,1.00000000,1.00000000,500.00000000,500.00000000,500.00000000,500.00000000,500.00000000,500.00000000,500.00000000,500.00000000,500.00000000,500.00000000
0.94728044,1.00000000,1.00000000,1.00000000,-0.03000000,-0.01000000,-0.11000000,334.56250000,0.81250000,3.00000000,0.97509766,-0.02423096,-0.01324463,0.21997070
0.94728044,1.00000000,1.00000000,1.00000000,-0.02000000,-0.01000000,-0.11000000,334.56250000,0.81250000,3.00000000,0.97509766,-0.02423096,-0.01324463,0.21997070
0.94728044,1.00000000,1.00000000,1.00000000,-0.03000000,-0.02000000,-0.11000000,334.56250000,0.81250000,3.00000000,0.97509766,-0.02423096,-0.01324463,0.21997070
0.94728044,1.00000000,1.00000000,1.00000000,-0.03000000,-0.03000000,-0.11000000,334.56250000,0.81250000,3.00000000,0.97509766,-0.02423096,-0.01324463,0.21997070
0.94728044,1.00000000,1.00000000,1.00000000,-0.02000000,-0.01000000,-0.10000000,334.56250000,0.81250000,3.00000000,0.97509766,-0.02423096,-0.01324463,0.21997070
0.94728044,1.00000000,1.00000000,1.00000000,-0.03000000,-0.01000000,-0.13000000,334.56250000,0.81250000,3.00000000,0.97509766,-0.02423096,-0.01324463,0.21997070
0.94728044,1.00000000,1.00000000,1.00000000,-0.01000000,-0.01000000,-0.10000000,334.56250000,0.81250000,3.00000000,0.97509766,-0.02423096,-0.01324463,0.21997070
0.94728044,1.00000000,1.00000000,1.00000000,-0.03000000,-0.01000000,-0.10000000,334.56250000,0.81250000,3.00000000,0.97509766,-0.02423096,-0.01324463,0.21997070
0.94728044,1.00000000,1.00000000,1.00000000,-0.03000000,-0.03000000,-0.14000000,334.56250000,0.81250000,3.00000000,0.97509766,-0.02423096,-0.01324463,0.21997070
0.94728044,1.00000000,1.00000000,1.00000000,-0.01000000,-0.02000000,-0.11000000,334.56250000,0.81250000,3.00000000,0.97509766,-0.02423096,-0.01324463,0.21997070
0.94728044,1.00000000,1.00000000,1.00000000,-0.03000000,-0.02000000,-0.12000000,334.56250000,0.81250000,3.00000000,0.97509766,-0.02423096,-0.01324463,0.21997070
0.94728044,1.00000000,1.00000000,1.00000000,-0.03000000,-0.02000000,-0.14000000,334.56250000,0.81250000,3.00000000,0.97509766,-0.02423096,-0.01324463,0.21997070
0.94728044,1.00000000,1.00000000,1.00000000,-0.02000000,0.00000000,-0.15000000,334.56250000,0.81250000,3.00000000,0.97509766,-0.02423096,-0.01324463,0.21997070
0.94728044,1.00000000,1.00000000,1.00000000,-0.03000000,-0.04000000,-0.09000000,334.56250000,0.81250000,3.00000000,0.97509766,-0.02423096,-0.01324463,0.21997070
0.94728044,1.00000000,1.00000000,1.00000000,-0.02000000,-0.02000000,-0.13000000,334.56250000,0.81250000,3.00000000,0.97509766,-0.02423096,-0.01324463,0.21997070
0.94728044,1.00000000,1.00000000,1.00000000,-0.03000000,-0.03000000,-0.13000000,334.56250000,0.81250000,3.00000000,0.97509766,-0.02423096,-0.01324463,0.21997070
0.94728044,1.00000000,1.00000000,1.00000000,-0.02000000,-0.02000000,-0.13000000,334.56250000,0.81250000,3.00000000,0.97509766,-0.02423096,-0.01324463,0.21997070
0.94728044,1.00000000,1.00000000,0.96350870,-0.02000000,-0.02000000,-0.10000000,334.56250000,0.81250000,3.00000000,0.97509766,-0.02423096,-0.01324463,0.21997070
0.94728044,1.00000000,1.00000000,1.00000000,-0.02000000,-0.05000000,-0.12000000,334.56250000,0.81250000,3.00000000,0.97509766,-0.02423096,-0.01324463,0.21997070
0.94728044,1.00000000,1.00000000,1.00000000,-0.02000000,-0.01000000,-0.14000000,334.56250000,0.81250000,3.00000000,0.97509766,-0.02423096,-0.01324463,0.21997070
0.94728044,1.00000000,1.00000000,1.00000000,-0.03000000,-0.03000000,-0.13000000,334.56250000,0.81250000,3.00000000,0.97509766,-0.02423096,-0.01324463,0.21997070
0.94728044,1.00000000,1.00000000,1.00000000,-0.03000000,0.00000000,-0.11000000,334.56250000,0.81250000,3.00000000,0.97509766,-0.02423096,-0.01324463,0.21997070
0.94728044,1.00000000,1.00000000,1.00000000,-0.03000000,-0.02000000,-0.10000000,334.56250000,0.81250000,3.00000000,0.97509766,-0.02423096,-0.01324463,0.21997070
0.94728044,1.00000000,1.00000000,1.00000000,-0.02000000,-0.02000000,-0.16000000,334.56250000,0.81250000,3.00000000,0.97509766,-0.02423096,-0.01324463,0.21997070
0.94728044,1.00000000,1.00000000,1.00000000,-0.03000000,-0.04000000,-0.13000000,334.56250000,0.81250000,3.00000000,0.97509766,-0.02423096,-0.01324463,0.21997070
0.94728044,1.00000000,1.00000000,1.00000000,-0.03000000,-0.01000000,-0.10000000,334.56250000,0.81250000,3.00000000,0.97509766,-0.02423096,-0.01324463,0.21997070
0.94728044,1.00000000,1.00000000,1.00000000,-0.02000000,-0.02000000,-0.11000000,334.56250000,0.81250000,3.00000000,0.97509766,-0.02423096,-0.01324463,0.21997070
0.94728044,1.00000000,1.00000000,1.00000000,-0.02000000,-0.02000000,-0.11000000,334.56250000,0.81250000,3.00000000,0.97509766,-0.02423096,-0.01324463,0.21997070
0.94728044,1.00000000,1.00000000,0.99739493,-0.02000000,-0.01000000,-0.17000000,334.56250000,0.81250000,3.00000000,0.97509766,-0.02423096,-0.01324463,0.21997070
0.94728044,1.00000000,1.00000000,1.00000000,-0.01000000,0.00000000,-0.12000000,334.56250000,0.81250000,3.00000000,0.97509766,-0.02423096,-0.01324463,0.21997070
0.94728044,1.00000000,1.05565359,1.00000000,-0.02000000,-0.03000000,-0.15000000,334.56250000,0.81250000,3.00000000,0.97509766,-0.02423096,-0.01324463,0.21997070
0.94728044,1.00000000,1.00000000,1.00000000,-0.02000000,-0.03000000,-0.14000000,334.56250000,0.81250000,3.00000000,0.97509766,-0.02423096,-0.01324463,0.21997070
0.94728044,1.00000000,1.00000000,1.00000000,-0.03000000,-0.02000000,-0.12000000,334.56250000,0.81250000,3.00000000,0.97509766,-0.02423096,-0.01324463,0.21997070
0.94728044,1.00000000,1.00000000,1.00000000,-0.03000000,-0.02000000,-0.12000000,334.56250000,0.81250000,3.00000000,0.97509766,-0.02423096,-0.01324463,0.21997070
0.94728044,1.00000000,1.00000000,1.00000000,-0.02000000,-0.03000000,-0.12000000,334.56250000,0.81250000,3.00000000,0.97509766,-0.02423096,-0.01324463,0.21997070
0.94728044,1.00000000,1.00000000,1.00000000,-0.01000000,-0.02000000,-0.14000000,334.56250000,0.81250000,3.00000000,0.97509766,-0.02423096,-0.01324463,0.21997070
0.94728044,1.00000000,1.00000000,1.00000000,-0.02000000,-0.01000000,-0.13000000,334.56250000,0.81250000,3.00000000,0.97509766,-0.02423096,-0.01324463,0.21997070
0.94728044,1.00000000,1.00000000,1.00000000,0.00000000,-0.04000000,-0.11000000,334.56250000,0.81250000,3.00000000,0.97509766,-0.02423096,-0.01324463,0.21997070
0.94728044,1.04353828,1.00176463,1.00000000,-0.02000000,-0.02000000,-0.13000000,334.56250000,0.81250000,3.00000000,0.97509766,-0.02423096,-0.01324463,0.21997070
0.94728044,1.00000000,1.00000000,1.00000000,-0.03000000,-0.03000000,-0.13000000,334.56250000,0.81250000,3.00000000,0.97509766,-0.02423096,-0.01324463,0.21997070
0.94728044,1.00000000,1.00000000,1.00000000,-0.03000000,-0.01000000,-0.11000000,334.56250000,0.81250000,3.00000000,0.97509766,-0.02423096,-0.01324463,0.21997070
0.94728044,1.00000000,1.00000000,1.00000000,-0.03000000,-0.01000000,-0.16000000,334.56250000,0.81250000,3.00000000,0.97509766,-0.02423096,-0.01324463,0.21997070
0.94728044,1.00000000,1.00000000,1.00000000,-0.03000000,0.00000000,-0.12000000,334.56250000,0.81250000,3.00000000,0.97509766,-0.02423096,-0.01324463,0.21997070
0.94728044,1.00000000,1.00000000,1.00000000,-0.04000000,-0.03000000,-0.12000000,334.56250000,0.81250000,3.00000000,0.97509766,-0.02423096,-0.01324463,0.21997070
0.94728044,1.00000000,1.00000000,1.00000000,-0.03000000,-0.01000000,-0.13000000,334.56250000,0.81250000,3.00000000,0.97509766,-0.02423096,-0.01324463,0.21997070
0.94728044,1.00000000,1.00000000,1.00000000,-0.02000000,-0.02000000,-0.11000000,334.56250000,0.81250000,3.00000000,0.97509766,-0.02423096,-0.01324463,0.21997070
0.94728044,1.00000000,1.00000000,1.00000000,-0.01000000,0.00000000,-0.15000000,334.56250000,0.81250000,3.00000000,0.97509766,-0.02423096,-0.01324463,0.21997070
0.94728044,1.00000000,1.00000000,1.00000000,-0.02000000,-0.03000000,-0.12000000,334.56250000,0.81250000,3.00000000,0.97509766,-0.02423096,-0.01324463,0.21997070
0.94728044,1.00000000,1.00000000,1.00000000,-0.01000000,-0.01000000,-0.13000000,334.56250000,0.81250000,3.00000000,0.97509766,-0.02423096,-0.01324463,0.21997070
0.94728044,1.00000000,1.00000000,1.00000000,-0.02000000,0.00000000,-0.11000000,334.56250000,0.81250000,3.00000000,0.97509766,-0.02423096,-0.01324463,0.21997070
0.94728044,1.00000000,1.00000000,1.00000000,-0.01000000,-0.04000000,-0.14000000,334.56250000,0.81250000,3.00000000,0.97509766,-0.02423096,-0.01324463,0.21997070
0.94728044,1.00000000,1.00000000,1.00000000,-0.02000000,-0.04000000,-0.12000000,334.56250000,0.81250000,3.00000000,0.97509766,-0.02423096,-0.01324463,0.21997070
0.94728044,1.00000000,1.00000000,1.00000000,-0.03000000,-0.02000000,-0.13000000,334.56250000,0.81250000,3.00000000,0.97509766,-0.02423096,-0.01324463,0.21997070
0.94728044,1.00000000,1.00000000,1.00000000,-0.02000000,-0.01000000,-0.10000000,334.56250000,0.81250000,3.00000000,0.97509766,-0.02423096,-0.01324463,0.21997070
0.94728044,1.00000000,1.00000000,1.00000000,-0.01000000,-0.02000000,-0.16000000,334.56250000,0.81250000,3.00000000,0.97509766,-0.02423096,-0.01324463,0.21997070
0.94728044,1.00000000,1.00000000,1.00000000,-0.02000000,-0.03000000,-0.12000000,334.56250000,0.81250000,3.00000000,0.97509766,-0.02423096,-0.01324463,0.21997070
0.94728044,1.00000000,1.00000000,1.00000000,-0.03000000,-0.01000000,-0.15000000,334.56250000,0.81250000,3.00000000,0.97509766,-0.02423096,-0.01324463,0.21997070
0.94728044,1.00000000,1.00000000,1.00000000,500.00000000,500.00000000,500.00000000,500.00000000,500.00000000,500.00000000,500.00000000,500.00000000,500.00000000,500.00000000
0.94728044,1.00000000,1.00000000,1.00000000,-0.01000000,-0.03000000,-0.13000000,334.56250000,0.81250000,3.00000000,0.97509766,-0.02423096,-0.01324463,0.21997070
0.94728044,1.00000000,1.00000000,1.00000000,-0.03000000,-0.03000000,-0.11000000,334.56250000,0.81250000,3.00000000,0.97509766,-0.02423096,-0.01324463,0.21997070
0.94728044,1.00000000,1.00000000,1.00000000,-0.01000000,-0.01000000,-0.11000000,334.56250000,0.81250000,3.00000000,0.97509766,-0.02423096,-0.01324463,0.21997070
0.94728044,1.00000000,1.00000000,1.00000000,-0.03000000,-0.02000000,-0.12000000,334.56250000,0.81250000,3.00000000,0.97509766,-0.02423096,-0.01324463,0.21997070
0.94728044,1.00000000,1.00000000,1.00000000,-0.02000000,-0.02000000,-0.11000000,334.56250000,0.81250000,3.00000000,0.97509766,-0.02423096,-0.01324463,0.21997070
0.94728044,1.00000000,1.00000000,1.00000000,-0.02000000,-0.03000000,-0.14000000,334.56250000,0.81250000,3.00000000,0.97509766,-0.02423096,-0.01324463,0.21997070
0.94728044,1.00000000,1.00000000,1.00000000,-0.03000000,-0.01000000,-0.11000000,334.56250000,0.81250000,3.00000000,0.97509766,-0.02423096,-0.01324463,0.21997070
0.94728044,1.00000000,1.00000000,1.00000000,-0.04000000,-0.04000000,-0.14000000,334.56250000,0.81250000,3.00000000,0.97509766,-0.02423096,-0.01324463,0.21997070
0.94728044,1.00000000,1.00000000,1.00000000,-0.02000000,-0.03000000,-0.12000000,334.56250000,0.81250000,3.00000000,0.97509766,-0.02423096,-0.01324463,0.21997070
0.94728044,1.00000000,1.00000000,1.00000000,-0.03000000,-0.02000000,-0.16000000,334.56250000,0.81250000,3.00000000,0.97509766,-0.02423096,-0.01324463,0.21997070
0.94728044,1.00000000,1.00000000,0.98436959,-0.01000000,-0.02000000,-0.13000000,334.56250000,0.81250000,3.00000000,0.97509766,-0.02423096,-0.01324463,0.22778320
0.94728044,1.00000000,1.00000000,1.00000000,-0.01000000,-0.02000000,-0.12000000,334.56250000,0.81250000,3.00000000,0.97509766,-0.02423096,-0.01324463,0.21997070
0.94728044,1.00000000,1.00000000,0.95827821,-0.02000000,-0.02000000,-0.13000000,334.56250000,0.81250000,3.00000000,0.97509766,-0.02423096,-0.01324463,0.21997070
0.94728044,1.00000000,1.00000000,1.00000000,-0.02000000,-0.04000000,-0.14000000,334.56250000,0.81250000,3.00000000,0.97509766,-0.02423096,-0.01324463,0.21997070
0.94728044,1.00000000,1.00000000,1.00000000,-0.02000000,-0.03000000,-0.12000000,334.56250000,0.81250000,3.00000000,0.97509766,-0.02423096,-0.01324463,0.21997070
0.94728044,1.00000000,1.00000000,1.00000000,-0.03000000,-0.02000000,-0.10000000,334.56250000,0.81250000,3.00000000,0.97509766,-0.02423096,-0.01324463,0.21997070
0.94728044,1.00000000,1.00000000,1.00000000,-0.01000000,-0.04000000,-0.15000000,334.56250000,0.81250000,3.00000000,0.97509766,-0.02423096,-0.01324463,0.21997070
0.94728044,1.00000000,1.00000000,1.00000000,-0.03000000,-0.03000000,-0.13000000,334.56250000,0.81250000,3.00000000,0.97509766,-0.02423096,-0.01324463,0.21997070
0.94728044,1.00000000,1.00000000,1.00000000,-0.03000000,-0.03000000,-0.14000000,334.56250000,0.81250000,3.00000000,0.97509766,-0.02423096,-0.01324463,0.21997070
0.94728044,1.00000000,1.00000000,1.00000000,-0.03000000,-0.03000000,-0.11000000,334.56250000,0.81250000,3.00000000,0.97509766,-0.02423096,-0.01324463,0.21997070
0.94728044,1.00000000,1.00000000,1.00000000,-0.03000000,-0.02000000,-0.15000000,334.56250000,0.81250000,3.00000000,0.97509766,-0.02423096,-0.01324463,0.21997070
0.94728044,1.00000000,1.00000000,1.00000000,-0.01000000,-0.01000000,-0.12000000,334.56250000,0.81250000,3.00000000,0.97509766,-0.02423096,-0.01324463,0.21997070
0.94728044,1.00000000,1.00000000,1.00000000,-0.02000000,-0.04000000,-0.14000000,334.56250000,0.81250000,3.00000000,0.97509766,-0.02423096,-0.01324463,0.21997070
0.94728044,1.00000000,1.00000000,1.00000000,-0.01000000,-0.02000000,-0.12000000,334.56250000,0.81250000,3.00000000,0.97509766,-0.02423096,-0.01324463,0.21997070
0.94728044,1.00000000,1.00000000,1.00000000,0.00000000,-0.03000000,-0.11000000,334.56250000,0.81250000,3.00000000,0.97509766,-0.02423096,-0.01324463,0.21997070
0.94728044,1.00000000,1.00000000,1.00000000,0.00000000,0.04000000,-0.13000000,334.56250000,0.81250000,3.00000000,0.97509766,-0.02423096,-0.01324463,0.21997070
0.94728044,1.00000000,1.00000000,1.04172179,-0.13000000,-0.70000000,-0.08000000,334.50000000,0.87500000,3.25000000,0.97491455,-0.02593994,-0.01422119,0.22058105
0.94728044,1.00000000,1.00000000,1.04172179,-0.17000000,-0.12000000,0.16000000,334.25000000,1.25000000,4.06250000,0.97418213,-0.03247070,-0.01916504,0.22253418
0.94728044,1.00000000,1.00000000,1.04172179,0.00000000,-0.40000000,-0.33000000,-1713.75000000,1.50000000,4.87500000,0.97393799,-0.03881836,-0.02233887,0.22247314
0.94728044,1.00000000,1.00000000,1.04172179,-0.03000000,0.25000000,-0.03000000,334.25000000,1.37500000,4.62500000,0.97399902,-0.03680420,-0.02124023,0.22247314
0.94728044,1.00000000,1.00000000,1.04172179,-0.02000000,0.00000000,-0.12000000,334.25000000,1.43750000,4.68750000,0.97399902,-0.03717041,-0.02142334,0.22247314
1.00000000,1.00000000,1.00000000,1.04172179,0.26000000,-0.04000000,-0.27000000,334.25000000,1.37500000,4.62500000,0.97399902,-0.03680420,-0.02124023,0.22247314
1.05271956,1.00000000,1.05565359,1.04172179,0.62000000,0.69000000,-0.36000000,332.18750000,2.06250000,5.00000000,0.96960449,-0.03820801,-0.02807617,0.23992920
1.05271956,1.00000000,1.11130718,1.00000000,-1.79000000,-0.89000000,-0.25000000,330.75000000,0.50000000,6.75000000,0.96588135,-0.05621338,-0.01922607,0.25201416
1.05271956,1.00000000,1.11130718,1.00000000,1.13000000,0.23000000,-0.35000000,330.81250000,0.06250000,6.68750000,0.96618652,-0.05664062,-0.01568604,0.25109863
1.05271956,1.00000000,1.11130718,1.00000000,0.25000000,-0.21000000,-0.22000000,330.75000000,-0.18750000,6.93750000,0.96594238,-0.05963135,-0.01336670,0.25152588
1.05271956,1.00000000,1.11130718,1.00000000,-0.05000000,0.12000000,0.00000000,330.81250000,-0.25000000,6.87500000,-1.03399658,-0.05871582,-0.01275635,0.25140381
1.00000000,1.00000000,1.05565359,1.00000000,0.11000000,-0.10000000,-0.19000000,330.81250000,-0.25000000,6.87500000,0.96606445,-0.05895996,-0.01306152,0.25115967
1.00000000,1.00000000,1.00000000,1.00000000,13.74000000,21.33000000,4.44000000,333.18750000,1.25000000,3.62500000,0.97253418,-0.01879883,-0.01800537,0.23120117
1.00000000,1.00000000,1.00000000,1.00000000,-0.91000000,0.72000000,0.67000000,332.93750000,0.93750000,3.18750000,0.97186279,-0.02539062,-0.01470947,0.23382568
1.00000000,1.00000000,1.00000000,1.00000000,0.04000000,-0.16000000,-0.13000000,333.18750000,1.00000000,3.18750000,0.97235107,-0.02502441,-0.01525879,0.23162842
0.94728044,1.00000000,1.00000000,1.00000000,-0.02000000,-0.07000000,-0.13000000,333.18750000,1.00000000,3.18750000,0.97235107,-0.02508545,1.98474121,0.23168945
1.00000000,1.00000000,1.00000000,1.00000000,0.00000000,-0.03000000,-0.11000000,333.18750000,1.00000000,3.18750000,0.97235107,-0.02508545,-0.01519775,0.23168945
1.00000000,1.00000000,1.00000000,1.00000000,-0.02000000,-0.01000000,-0.12000000,333.18750000,1.00000000,3.18750000,0.97235107,-0.02508545,-0.01519775,0.23168945
0.94895204,1.00000000,1.00000000,1.00000000,0.06000000,-0.48000000,-0.13000000,333.18750000,1.00000000,3.18750000,0.97235107,-0.02514648,-0.01525879,0.23175049
0.94728044,1.00000000,1.00000000,1.00000000,0.45000000,1.01000000,-0.05000000,333.00000000,1.06250000,3.50000000,0.97198486,-0.02764893,-0.01617432,0.23284912
0.94728044,1.00000000,1.00000000,1.00000000,0.58000000,-0.72000000,-0.49000000,332.75000000,1.31250000,4.12500000,0.97119141,-0.03265381,-0.02008057,0.23522949
0.94728044,1.00000000,1.00000000,1.00000000,0.13000000,-0.22000000,-0.32000000,332.75000000,1.31250000,4.43750000,0.97113037,-0.03485107,-0.02069092,0.23504639
0.94728044,1.00000000,1.00000000,1.00000000,-0.06000000,-0.10000000,-0.06000000,332.75000000,1.31250000,4.25000000,0.97119141,-0.03381348,-0.02008057,0.23492432
0.94728044,1.00000000,1.00000000,1.00000000,-0.17000000,0.05000000,-0.04000000,332.75000000,1.25000000,4.31250000,0.97119141,-0.03411865,-0.02001953,0.23492432
1.00000000,1.00000000,1.00000000,1.00000000,0.65000000,0.79000000,0.23000000,332.50000000,1.31250000,4.25000000,0.97070312,-0.03338623,-0.01995850,0.23706055
1.05271956,1.00000000,1.05565359,1.00000000,-0.35000000,-0.81000000,-0.80000000,330.00000000,1.87500000,5.56250000,0.96472168,-0.04284668,-0.02862549,0.25823975
1.05271956,1.00000000,1.11130718,1.00000000,-1.51000000,-0.24000000,0.55000000,329.43750000,0.00000000,6.50000000,0.96325684,-0.05487061,-0.01464844,0.26251221
1.05271956,1.00000000,1.11130718,1.00000000,-0.86000000,0.01000000,0.26000000,329.37500000,-0.12500000,6.56250000,0.96301270,-0.05572510,-0.01367188,0.26324463
1.05271956,1.00000000,1.11130718,1.00000000,0.00000000,-0.24000000,-0.24000000,329.37500000,-0.18750000,6.68750000,0.96289062,-0.05725098,-0.01342773,0.26336670
1.05271956,1.00000000,1.11130718,1.00000000,-0.35000000,0.01000000,0.01000000,329.37500000,-0.25000000,6.62500000,0.96289062,-0.05664062,-0.01269531,0.26354980
1.00000000,1.00000000,1.05565359,1.00000000,-0.77000000,0.82000000,-1.72000000,329.68750000,-0.25000000,6.56250000,0.96368408,-0.05639648,-0.01245117,0.26080322
1.00000000,1.00000000,1.00000000,0.95827821,3.54000000,6.00000000,-0.56000000,331.93750000,1.56250000,2.56250000,0.96984863,-0.01861572,-0.01873779,0.24230957
1.00000000,1.00000000,1.00000000,0.95827821,0.46000000,-0.10000000,-0.65000000,331.56250000,1.00000000,3.37500000,0.96899414,-0.02642822,-0.01593018,0.24523926
1.00000000,1.00000000,1.00000000,0.95827821,0.20000000,0.00000000,-0.06000000,331.75000000,1.12500000,3.25000000,0.96936035,-0.02526855,-0.01660156,0.24383545
1.00000000,1.00000000,1.00000000,0.95827821,-0.06000000,-0.04000000,-0.11000000,331.75000000,1.12500000,3.25000000,0.96936035,-0.02532959,-0.01654053,0.24383545
0.94728044,1.00000000,1.00000000,0.95827821,0.00000000,-0.04000000,-0.16000000,331.75000000,1.12500000,3.25000000,0.96936035,-0.02532959,-0.01654053,0.24383545
0.94728044,1.00000000,1.00000000,0.95827821,-0.02000000,0.00000000,-0.12000000,331.75000000,1.12500000,3.25000000,0.96936035,-0.02532959,-0.01654053,0.24383545
0.94728044,1.00000000,1.00000000,1.00000000,0.12000000,0.20000000,-0.09000000,331.68750000,1.12500000,3.25000000,0.96929932,-0.02532959,-0.01654053,0.24407959
0.94728044,1.00000000,1.00000000,1.00000000,0.22000000,-0.16000000,0.02000000,331.50000000,1.12500000,3.62500000,0.96868896,-0.02838135,-0.01757812,0.24597168
0.94728044,1.00000000,1.00000000,1.00000000,0.08000000,-0.49000000,-0.28000000,331.31250000,1.37500000,4.25000000,0.96820068,-0.03308105,-0.02105713,0.24713135
0.94728044,1.00000000,1.00000000,1.00000000,-0.27000000,0.11000000,0.02000000,331.37500000,1.31250000,4.25000000,0.96826172,-0.03302002,-0.02062988,0.24700928
0.94728044,1.00000000,1.00000000,1.00000000,-0.07000000,-0.12000000,-0.13000000,331.37500000,1.31250000,4.18750000,0.96826172,-0.03295898,-0.02050781,0.24700928
0.94728044,1.00000000,1.00000000,1.00000000,0.00000000,0.08000000,-0.11000000,331.37500000,1.31250000,4.18750000,0.96826172,-0.03277588,-0.02020264,0.24700928
1.00000000,1.00000000,1.05565359,1.00000000,0.22000000,1.40000000,0.51000000,330.87500000,1.31250000,4.06250000,0.96630859,-0.03149414,-0.02075195,0.25463867
1.05271956,1.00000000,1.05565359,1.00000000,-0.41000000,-1.39000000,-0.30000000,328.00000000,1.25000000,5.93750000,0.95996094,-0.04711914,-0.02520752,0.27502441
1.05271956,1.00000000,1.11130718,1.00000000,0.00000000,0.23000000,0.00000000,327.93750000,0.00000000,6.43750000,0.95971680,-0.05419922,-0.01580811,0.27532959
1.05271956,1.00000000,1.11130718,1.00000000,-1.01000000,0.03000000,0.24000000,327.87500000,-0.25000000,6.50000000,0.95953369,-0.05535889,-0.01312256,0.27569580
1.05271956,1.00000000,1.11130718,1.00000000,-0.16000000,-0.07000000,-0.04000000,327.87500000,-0.25000000,6.62500000,0.95947266,-0.05633545,-0.01348877,0.27575684
1.05271956,1.00000000,1.11130718,1.00000000,-0.10000000,0.05000000,0.00000000,327.87500000,-0.31250000,6.50000000,0.95953369,-0.05554199,-0.01287842,0.27575684
1.00000000,1.00000000,1.00000000,0.95827821,-2.37000000,-0.04000000,1.82000000,329.12500000,-0.62500000,6.37500000,0.96240234,-0.05548096,-0.00958252,0.26562500
1.00000000,1.00000000,1.00000000,0.95827821,-1.48000000,-3.24000000,2.59000000,330.18750000,1.37500000,3.00000000,0.96600342,-0.02239990,-0.01843262,0.25683594
1.00000000,1.00000000,1.00000000,0.95827821,0.93000000,-2.22000000,-0.23000000,330.12500000,1.06250000,3.37500000,0.96575928,-0.02642822,-0.01690674,0.25750732
1.00000000,1.00000000,1.00000000,0.95827821,-0.02000000,-0.12000000,-0.10000000,330.25000000,1.12500000,3.25000000,0.96606445,-0.02532959,-0.01708984,0.25646973
0.94728044,1.00000000,1.00000000,0.95827821,0.01000000,0.00000000,-0.16000000,330.25000000,1.12500000,3.31250000,0.96606445,-0.02539062,-0.01708984,0.25646973
0.94728044,1.00000000,1.00000000,0.95827821,-0.04000000,-0.02000000,-0.13000000,330.25000000,1.12500000,3.31250000,0.96606445,-0.02539062,-0.01708984,0.25646973
0.94728044,1.00000000,1.00000000,0.95827821,0.00000000,-0.09000000,-0.14000000,330.25000000,1.12500000,3.31250000,0.96606445,-0.02539062,-0.01708984,0.25646973
0.94728044,1.00000000,1.00000000,1.00000000,0.04000000,1.05000000,-0.05000000,330.18750000,1.12500000,3.25000000,0.96600342,-0.02532959,-0.01708984,0.25665283
0.94728044,1.00000000,1.00000000,1.00000000,0.46000000,-0.47000000,-0.10000000,329.93750000,1.12500000,3.62500000,0.96539307,-0.02844238,-0.01794434,0.25872803
0.94728044,1.00000000,1.00000000,1.00000000,0.18000000,-0.34000000,-0.22000000,329.81250000,1.25000000,4.12500000,0.96490479,-0.03216553,-0.02050781,0.25988770
0.94728044,1.00000000,1.00000000,1.00000000,0.11000000,0.04000000,-0.12000000,329.81250000,1.25000000,4.18750000,0.96490479,-0.03240967,-0.02038574,0.25982666
0.94728044,1.00000000,1.00000000,1.00000000,0.00000000,-0.01000000,-0.16000000,329.81250000,1.25000000,4.12500000,0.96490479,-0.03240967,-0.02014160,0.25982666
0.94728044,1.00000000,1.00000000,1.00000000,-0.04000000,0.00000000,-0.13000000,329.81250000,1.25000000,4.18750000,0.96490479,-0.03247070,-0.02014160,0.25982666
1.00000000,1.00000000,1.05565359,1.00000000,-0.08000000,2.04000000,0.87000000,328.87500000,1.31250000,4.06250000,0.96276855,-0.03112793,-0.02062988,0.26776123
1.05271956,1.00000000,1.05565359,1.00000000,0.62000000,-1.51000000,-1.02000000,326.37500000,1.12500000,5.93750000,0.95605469,-0.04669189,-0.02471924,0.28839111
1.05271956,1.00000000,1.11130718,1.00000000,0.53000000,0.07000000,-0.29000000,326.37500000,0.00000000,6.43750000,0.95574951,-0.05364990,-0.01654053,0.28869629
1.05271956,1.00000000,1.11130718,1.00000000,-0.44000000,-0.13000000,0.00000000,326.31250000,-0.25000000,6.43750000,0.95574951,-0.05480957,-0.01379395,0.28881836
1.05271956,1.00000000,1.11130718,1.00000000,-0.12000000,-0.04000000,-0.09000000,326.37500000,-0.31250000,6.50000000,0.95574951,-0.05554199,-0.01367188,0.28857422
1.05271956,1.00000000,1.11130718,1.00000000,0.07000000,0.00000000,-0.09000000,326.37500000,-0.31250000,6.43750000,0.95581055,-0.05499268,-0.01336670,0.28845215
1.00000000,1.00000000,1.00000000,0.95827821,-9.88000000,-3.64000000,1.24000000,328.37500000,-0.31250000,5.62500000,0.96112061,-0.04797363,-0.00286865,0.27178955
1.00000000,1.00000000,1.00000000,0.95827821,-0.30000000,0.02000000,-0.78000000,328.43750000,1.25000000,3.31250000,0.96197510,-0.02526855,-0.01849365,0.27136230
1.00000000,1.00000000,1.00000000,0.95827821,0.40000000,-0.37000000,-0.33000000,328.62500000,1.18750000,3.31250000,0.96240234,-0.02532959,-0.01818848,0.26995850
0.98683297,1.00000000,1.00000000,0.95827821,0.06000000,0.00000000,-0.15000000,328.62500000,1.18750000,3.31250000,0.96234131,-0.02532959,-0.01824951,0.26995850
0.94728044,1.00000000,1.00000000,0.95827821,-0.06000000,0.01000000,-0.10000000,328.62500000,1.18750000,3.31250000,0.96234131,-0.02532959,-0.01818848,0.26995850
0.94728044,1.00000000,1.00000000,0.95827821,-0.01000000,-0.01000000,-0.14000000,328.62500000,1.18750000,3.31250000,0.96234131,-0.02539062,-0.01818848,0.26995850
0.94728044,1.00000000,1.00000000,0.95827821,-0.02000000,0.00000000,-0.16000000,328.62500000,1.18750000,3.31250000,0.96234131,-0.02539062,-0.01818848,0.26995850
0.94728044,1.00000000,1.00000000,1.00000000,0.31000000,-0.17000000,0.17000000,328.56250000,1.18750000,3.50000000,0.96221924,-0.02655029,-0.01849365,0.27032471
0.94728044,1.00000000,1.00000000,1.00000000,-0.77000000,-0.05000000,0.04000000,328.25000000,1.18750000,3.87500000,0.96130371,-0.03027344,-0.01965332,0.27307129
0.94728044,1.00000000,1.00000000,1.00000000,-0.01000000,-0.05000000,-0.12000000,328.25000000,1.31250000,4.25000000,0.96118164,-0.03253174,-0.02166748,0.27313232
0.94728044,1.00000000,1.00000000,1.00000000,0.16000000,0.11000000,-0.18000000,328.25000000,1.31250000,4.18750000,0.96118164,-0.03216553,-0.02130127,0.27313232
0.94728044,1.00000000,1.00000000,1.00000000,-0.08000000,-0.11000000,-0.09000000,328.25000000,1.31250000,4.18750000,0.96118164,-0.03228760,-0.02136230,0.27313232
0.94728044,1.00000000,1.00000000,1.00000000,0.06000000,-0.07000000,-0.15000000,328.25000000,1.31250000,4.18750000,0.96118164,-0.03240967,-0.02124023,0.27313232
1.05271956,1.00000000,1.05565359,1.00000000,2.21000000,2.34000000,-0.34000000,326.75000000,1.43750000,4.18750000,0.95642090,-0.03350830,-0.02453613,0.28912354
1.05271956,1.00000000,1.05565359,1.00000000,0.65000000,-1.64000000,-0.96000000,324.75000000,0.50000000,6.25000000,0.95172119,-0.05096436,-0.02087402,0.30206299
1.05271956,1.00000000,1.05565359,1.00000000,0.70000000,-0.14000000,-0.36000000,324.81250000,0.00000000,6.43750000,0.95172119,-0.05377197,-0.01702881,0.30175781
1.05271956,1.00000000,1.11130718,1.00000000,0.43000000,-0.09000000,-0.31000000,324.81250000,-0.12500000,6.43750000,0.95172119,-0.05426025,-0.01580811,0.30169678
1.05271956,1.00000000,1.05565359,1.00000000,0.07000000,0.01000000,-0.07000000,324.81250000,-0.25000000,6.43750000,0.95172119,-0.05456543,-0.01477051,0.30169678
1.05271956,1.00000000,1.11130718,1.00000000,0.00000000,0.01000000,-0.09000000,324.81250000,-0.25000000,6.50000000,0.95172119,-0.05499268,-0.01458740,0.30157471
1.00000000,1.00000000,1.00000000,0.95827821,4.57000000,-11.46000000,-0.82000000,326.87500000,0.00000000,5.43750000,0.95751953,-0.04565430,-0.01318359,0.28448486
1.00000000,1.00000000,1.00000000,0.95827821,1.01000000,-1.62000000,-0.61000000,326.93750000,1.25000000,3.37500000,0.95806885,-0.02539062,-0.01861572,0.28472900
0.95059792,1.00000000,1.00000000,0.95827821,0.40000000,-0.22000000,-0.64000000,327.12500000,1.18750000,3.37500000,0.95867920,-0.02532959,-0.01885986,0.28277588
0.94728044,1.00000000,1.00000000,0.95827821,0.02000000,0.00000000,-0.14000000,327.12500000,1.25000000,3.37500000,0.95867920,-0.02514648,-0.01885986,0.28277588
0.94728044,1.00000000,1.00000000,0.95827821,0.00000000,-1.29000000,-0.13000000,327.12500000,1.25000000,3.37500000,0.95867920,-0.02514648,-0.01885986,0.28277588
0.94728044,1.00000000,1.00000000,0.95827821,0.01000000,-0.01000000,-0.14000000,327.12500000,1.25000000,3.37500000,0.95867920,-0.02520752,-0.01885986,0.28277588
0.94728044,1.00000000,1.00000000,0.95827821,-0.01000000,0.00000000,-0.10000000,327.12500000,1.25000000,3.37500000,0.95867920,-0.02520752,-0.01885986,0.28277588
0.94728044,1.00000000,1.00000000,1.00000000,-0.59000000,0.07000000,-0.02000000,326.93750000,1.18750000,3.62500000,0.95812988,-0.02777100,-0.01940918,0.28430176
0.94728044,1.00000000,1.00000000,1.00000000,0.17000000,-0.02000000,-0.12000000,326.68750000,1.18750000,3.93750000,0.95751953,-0.03045654,-0.02087402,0.28601074
0.94728044,1.00000000,1.00000000,1.00000000,0.18000000,-0.29000000,-0.25000000,326.75000000,1.31250000,4.18750000,0.95745850,-0.03186035,-0.02172852,0.28594971
0.94728044,1.00000000,1.00000000,1.00000000,0.00000000,-0.11000000,-0.17000000,326.68750000,1.25000000,4.12500000,0.95751953,-0.03155518,-0.02124023,0.28594971
0.94728044,1.00000000,1.00000000,1.00000000,-0.05000000,0.00000000,-0.09000000,326.68750000,1.25000000,4.12500000,0.95751953,-0.03167725,-0.02117920,0.28594971
1.00000000,1.00000000,1.00000000,1.00000000,0.00000000,0.24000000,-0.19000000,326.68750000,1.25000000,4.12500000,0.95739746,-0.03149414,-0.02105713,0.28631592
1.05271956,1.00000000,1.05565359,1.00000000,-0.35000000,0.13000000,-0.85000000,324.06250000,1.68750000,5.12500000,0.95019531,-0.03814697,-0.02795410,0.30804443
1.05271956,1.00000000,1.05565359,1.00000000,-1.62000000,-0.10000000,0.37000000,323.31250000,0.00000000,6.31250000,0.94787598,-0.05242920,-0.01690674,0.31384277
1.05271956,1.00000000,1.11130718,1.00000000,-1.00000000,0.34000000,0.70000000,323.25000000,-0.12500000,6.31250000,0.94763184,-0.05297852,-0.01611328,0.31445312
1.05271956,1.00000000,1.11130718,1.00000000,-0.13000000,-0.48000000,-0.29000000,323.25000000,-0.31250000,6.56250000,0.94750977,-0.05560303,-0.01519775,0.31457520
1.05271956,1.00000000,1.11130718,1.00000000,-0.03000000,-0.03000000,-0.10000000,323.25000000,-0.31250000,6.43750000,0.94757080,-0.05432129,-0.01513672,0.31457520
1.00000000,1.00000000,1.05565359,1.00000000,0.31000000,-3.06000000,-0.53000000,323.25000000,-0.31250000,6.43750000,0.94757080,-0.05462646,-0.01489258,0.31457520
1.00000000,1.00000000,1.00000000,0.95827821,0.51000000,5.86000000,-1.95000000,325.68750000,1.75000000,2.81250000,0.95538330,-0.01739502,-0.02130127,0.29418945
1.00000000,1.00000000,1.00000000,0.95827821,0.27000000,0.33000000,-0.57000000,325.25000000,1.12500000,3.43750000,0.95404053,-0.02606201,-0.01855469,0.29797363
0.94728044,1.00000000,1.00000000,0.95827821,0.25000000,0.00000000,-0.18000000,325.50000000,1.18750000,3.37500000,0.95465088,-0.02502441,-0.01910400,0.29608154
0.94728044,1.00000000,1.00000000,0.95827821,0.01000000,-0.02000000,-0.08000000,325.50000000,1.18750000,3.37500000,0.95465088,-0.02502441,-0.01910400,0.29608154
0.94728044,1.00000000,1.00000000,0.95827821,0.00000000,0.00000000,-0.12000000,325.50000000,1.18750000,3.37500000,0.95465088,-0.02502441,-0.01910400,0.29608154
0.94728044,1.00000000,1.00000000,0.95827821,0.02000000,0.01000000,-0.10000000,325.50000000,1.18750000,3.37500000,0.95465088,-0.02502441,-0.01910400,0.29608154
0.94728044,1.00000000,1.00000000,1.00000000,-0.03000000,0.38000000,-0.10000000,325.50000000,1.18750000,3.37500000,0.95458984,-0.02490234,-0.01904297,0.29626465
0.94728044,1.00000000,1.00000000,1.00000000,0.30000000,1.24000000,0.02000000,325.31250000,1.18750000,3.62500000,0.95410156,-0.02728271,-0.01983643,0.29754639
0.94728044,1.00000000,1.00000000,1.00000000,0.13000000,-0.34000000,-0.30000000,325.06250000,1.31250000,4.06250000,0.95324707,-0.03051758,-0.02160645,0.29986572
0.94728044,1.00000000,1.00000000,1.00000000,0.24000000,-0.11000000,-0.28000000,325.06250000,1.31250000,4.18750000,0.95324707,-0.03161621,-0.02239990,0.29974365
0.94728044,1.00000000,1.00000000,1.00000000,-0.01000000,-0.19000000,-0.18000000,325.06250000,1.25000000,4.12500000,0.95324707,-0.03137207,-0.02160645,0.29974365
0.94728044,1.00000000,1.00000000,1.00000000,-0.04000000,0.03000000,-0.06000000,325.06250000,1.25000000,4.12500000,0.95324707,-0.03118896,-0.02148438,0.29974365
1.00000000,1.00000000,1.00000000,1.00000000,-0.06000000,-0.04000000,1.01000000,325.00000000,1.25000000,4.12500000,0.95306396,-0.03112793,-0.02142334,0.30035400
1.05271956,1.00000000,1.05565359,1.00000000,-0.72000000,-0.76000000,-0.67000000,322.37500000,1.56250000,5.06250000,0.94555664,-0.03784180,-0.02746582,0.32202148
1.05271956,1.00000000,1.05565359,1.00000000,-0.69000000,-0.23000000,0.29000000,321.68750000,-0.06250000,6.25000000,0.94323730,-0.05175781,-0.01733398,0.32757568
1.05271956,1.00000000,1.05565359,1.00000000,-1.18000000,0.87000000,0.33000000,321.56250000,-0.25000000,6.25000000,0.94299316,1.94744873,-0.01593018,0.32830811
1.05271956,1.00000000,1.05565359,1.00000000,-0.47000000,0.15000000,0.06000000,321.56250000,-0.31250000,6.43750000,0.94287109,-0.05413818,-0.01580811,0.32824707
1.05271956,1.00000000,1.05565359,1.00000000,-0.21000000,-0.20000000,-0.11000000,321.56250000,-0.31250000,6.37500000,0.94287109,-0.05395508,-0.01568604,0.32830811
1.00000000,1.00000000,1.05565359,1.00000000,0.45000000,-2.59000000,-0.69000000,321.56250000,-0.31250000,6.37500000,0.94293213,-0.05383301,-0.01574707,0.32818604
1.00000000,1.00000000,1.00000000,0.95827821,2.29000000,6.44000000,-3.65000000,324.18750000,1.87500000,2.00000000,0.95166016,-0.01177979,-0.02014160,0.30633545
1.00000000,1.00000000,1.00000000,0.95827821,-0.57000000,0.21000000,-0.24000000,323.87500000,1.25000000,2.56250000,0.95062256,-0.01794434,-0.01770020,0.30938721
1.00000000,1.00000000,1.00000000,0.95827821,0.05000000,0.01000000,-0.22000000,324.12500000,1.37500000,2.43750000,0.95111084,-0.01654053,-0.01824951,0.30786133
0.94728044,1.00000000,1.00000000,0.95827821,0.01000000,-0.16000000,-0.11000000,324.12500000,1.37500000,2.43750000,0.95111084,-0.01684570,-0.01818848,0.30786133
0.94728044,1.00000000,1.00000000,0.95827821,-0.03000000,-0.15000000,-0.12000000,324.12500000,1.37500000,2.50000000,0.95111084,-0.01721191,-0.01831055,0.30786133
0.94728044,1.00000000,1.00000000,0.95827821,-0.01000000,-0.12000000,-0.12000000,324.12500000,1.37500000,2.56250000,0.95111084,-0.01757812,-0.01837158,0.30786133
0.94728044,1.00000000,1.00000000,1.00000000,-0.04000000,0.26000000,-0.12000000,324.06250000,1.37500000,2.56250000,0.95104980,-0.01776123,-0.01843262,0.30804443
0.94728044,1.00000000,1.00000000,1.00000000,0.52000000,0.42000000,-0.05000000,323.75000000,1.37500000,2.87500000,0.95013428,-0.02044678,-0.01934814,0.31048584
0.94728044,1.00000000,1.00000000,1.00000000,0.43000000,-0.27000000,-0.34000000,323.56250000,1.37500000,3.31250000,0.94940186,-0.02368164,-0.02093506,0.31250000
0.94728044,1.00000000,1.00000000,1.00000000,0.00000000,-0.24000000,-0.22000000,323.56250000,1.43750000,3.43750000,0.94934082,-0.02484131,-0.02148438,0.31250000
0.94728044,1.00000000,1.00000000,1.00000000,-0.02000000,-0.09000000,-0.13000000,323.56250000,1.37500000,3.43750000,0.94934082,-0.02484131,-0.02130127,0.31250000
0.94728044,1.00000000,1.00000000,1.00000000,-0.03000000,-0.08000000,-0.10000000,323.50000000,1.37500000,3.43750000,0.94934082,-0.02496338,-0.02136230,0.31250000
1.00000000,1.00000000,1.00000000,1.00000000,-0.28000000,0.05000000,0.82000000,323.18750000,1.43750000,3.43750000,0.94836426,-0.02447510,-0.02172852,0.31555176
1.05271956,1.00000000,1.05565359,1.00000000,-0.42000000,-0.94000000,-0.74000000,320.43750000,1.62500000,4.87500000,0.94018555,-0.03509521,-0.02825928,0.33764648
1.05271956,1.00000000,1.05565359,1.00000000,-0.94000000,-0.12000000,0.40000000,320.18750000,0.00000000,5.62500000,0.93920898,-0.04626465,-0.01721191,0.33972168
1.05271956,1.00000000,1.05565359,1.00000000,-0.98000000,0.00000000,0.21000000,320.12500000,-0.06250000,5.68750000,0.93896484,-0.04730225,-0.01635742,0.34039307
1.05271956,1.00000000,1.05565359,1.00000000,-0.50000000,-0.15000000,0.00000000,320.12500000,-0.12500000,5.87500000,0.93884277,-0.04870605,-0.01629639,0.34051514
1.05271956,1.00000000,1.11130718,1.00000000,-0.09000000,-0.08000000,-0.08000000,320.12500000,-0.06250000,5.81250000,0.93884277,-0.04846191,-0.01654053,0.34051514
1.00000000,1.00000000,1.00000000,0.95827821,0.37000000,-3.48000000,-0.82000000,320.43750000,-0.12500000,5.81250000,0.94195557,-0.04846191,-0.01367188,0.33184814
1.00000000,1.00000000,1.00000000,0.95827821,2.90000000,6.72000000,0.15000000,322.31250000,1.62500000,2.37500000,0.94610596,-0.01525879,-0.02044678,0.32281494
0.96047319,1.00000000,1.00000000,0.95827821,-2.10000000,-0.95000000,0.76000000,322.12500000,1.31250000,2.87500000,0.94561768,-0.02020264,-0.01910400,0.32409668
0.94895204,1.00000000,1.00000000,0.95827821,0.29000000,0.01000000,-0.32000000,322.31250000,1.37500000,2.75000000,0.94610596,-0.01892090,-0.01947021,0.32275391
0.94728044,1.00000000,1.00000000,0.95827821,-0.03000000,-0.03000000,-0.11000000,322.31250000,1.37500000,2.75000000,0.94610596,-0.01916504,-0.01934814,0.32275391
0.94728044,1.00000000,1.00000000,0.95827821,-0.02000000,-0.13000000,-0.16000000,322.31250000,1.37500000,2.75000000,0.94610596,-0.01928711,-0.01940918,0.32275391
0.94728044,1.00000000,1.00000000,0.95827821,-0.01000000,-0.09000000,-0.14000000,322.31250000,1.37500000,2.81250000,0.94610596,-0.01947021,-0.01940918,0.32275391
0.94728044,1.00000000,1.00000000,1.00000000,-0.06000000,0.26000000,-0.11000000,322.25000000,1.37500000,2.81250000,0.94598389,-0.01947021,-0.01940918,0.32299805
0.94728044,1.00000000,1.00000000,1.00000000,0.63000000,0.52000000,0.01000000,322.06250000,1.37500000,3.12500000,0.94537354,-0.02197266,-0.02032471,0.32464600
0.94728044,1.00000000,1.00000000,1.00000000,0.40000000,0.14000000,-0.26000000,321.81250000,1.43750000,3.50000000,0.94458008,-0.02508545,-0.02221680,0.32653809
0.94728044,1.00000000,1.00000000,1.00000000,0.15000000,-0.31000000,-0.27000000,321.81250000,1.43750000,3.68750000,0.94458008,-0.02618408,-0.02270508,0.32641602
0.94728044,1.00000000,1.00000000,1.00000000,0.00000000,-0.14000000,-0.18000000,321.81250000,1.43750000,3.62500000,0.94458008,-0.02600098,-0.02233887,0.32641602
0.94728044,1.00000000,1.00000000,1.00000000,-0.05000000,0.00000000,-0.09000000,321.81250000,1.37500000,3.62500000,0.94458008,-0.02600098,-0.02209473,0.32641602
1.00000000,1.00000000,1.00000000,1.00000000,-0.33000000,-0.37000000,1.04000000,321.50000000,1.43750000,3.56250000,0.94360352,-0.02551270,-0.02227783,0.32928467
1.05271956,1.00000000,1.05565359,1.00000000,-0.41000000,-0.39000000,-0.78000000,318.75000000,1.62500000,4.87500000,0.93511963,-0.03527832,-0.02844238,0.35144043
1.05271956,1.00000000,1.05565359,1.00000000,-0.97000000,-0.50000000,0.22000000,318.43750000,0.00000000,5.81250000,0.93377686,-0.04736328,-0.01873779,0.35418701
1.05271956,1.00000000,1.11130718,1.00000000,-1.06000000,0.47000000,0.16000000,318.31250000,-0.12500000,5.93750000,0.93341064,-0.04901123,-0.01733398,0.35498047
1.05271956,1.00000000,1.11130718,1.00000000,-0.28000000,0.06000000,-0.04000000,318.31250000,-0.12500000,5.93750000,0.93347168,-0.04901123,-0.01739502,0.35491943
1.05271956,1.00000000,1.11130718,1.00000000,-0.13000000,-0.21000000,-0.12000000,318.31250000,-0.12500000,6.00000000,0.93347168,-0.04943848,-0.01733398,0.35479736
1.00000000,1.00000000,1.00000000,0.95827821,-2.88000000,1.20000000,2.35000000,319.50000000,-0.37500000,5.87500000,0.93701172,-0.04956055,-0.01434326,0.34552002
1.00000000,1.00000000,1.00000000,0.95827821,-0.65000000,-2.91000000,3.35000000,320.62500000,1.56250000,2.56250000,0.94128418,-0.01654053,-0.02099609,0.33660889
1.00000000,1.00000000,1.00000000,0.95827821,-2.21000000,-0.56000000,0.87000000,320.37500000,1.25000000,3.06250000,0.94055176,-0.02160645,-0.01953125,0.33831787
0.94728044,1.00000000,1.00000000,0.95827821,0.41000000,0.10000000,-0.40000000,320.56250000,1.31250000,2.93750000,0.94110107,-0.02044678,-0.01983643,0.33697510
0.94728044,1.00000000,1.00000000,0.95827821,-0.08000000,-0.02000000,-0.10000000,320.56250000,1.31250000,2.93750000,0.94110107,-0.02050781,-0.01983643,0.33697510
0.94728044,1.00000000,1.00000000,0.95827821,-0.01000000,-0.09000000,-0.15000000,320.56250000,1.31250000,2.93750000,0.94110107,-0.02056885,-0.01983643,0.33697510
0.94728044,1.00000000,1.00000000,0.95827821,0.00000000,0.02000000,-0.11000000,320.56250000,1.31250000,2.93750000,0.94110107,-0.02062988,-0.01989746,0.33697510
0.94728044,1.00000000,1.00000000,1.00000000,0.34000000,0.44000000,0.07000000,320.56250000,1.31250000,3.00000000,0.94097900,-0.02075195,-0.01989746,0.33721924
0.94728044,1.00000000,1.00000000,1.00000000,0.47000000,-0.37000000,-0.60000000,320.25000000,1.31250000,3.31250000,0.93975830,-0.02429199,-0.02099609,0.34033203
0.94728044,1.00000000,1.00000000,1.00000000,0.19000000,-0.33000000,-0.33000000,320.12500000,1.37500000,3.62500000,0.93957520,-0.02606201,-0.02246094,0.34063721
0.94728044,1.00000000,1.00000000,1.00000000,-0.15000000,0.12000000,-0.02000000,320.12500000,1.31250000,3.62500000,0.93957520,-0.02581787,-0.02166748,0.34063721
0.94728044,1.00000000,1.00000000,1.00000000,-0.01000000,-0.29000000,-0.20000000,320.12500000,1.31250000,3.75000000,0.93957520,-0.02667236,-0.02233887,0.34057617
0.94728044,1.00000000,1.00000000,1.00000000,-0.01000000,-0.20000000,-0.16000000,320.12500000,1.31250000,3.68750000,0.93957520,-0.02655029,-0.02233887,0.34057617
1.00000000,1.00000000,1.05565359,1.00000000,-1.66000000,1.02000000,1.23000000,319.25000000,1.50000000,3.68750000,0.93542480,-0.02593994,-0.02569580,0.35156250
1.05271956,1.00000000,1.05565359,1.00000000,0.17000000,-1.33000000,-0.59000000,316.62500000,1.12500000,5.56250000,0.92810059,-0.04162598,-0.02758789,0.36889648
1.05271956,1.00000000,1.05565359,1.00000000,0.43000000,-0.31000000,-0.35000000,316.68750000,0.18750000,5.87500000,0.92828369,-0.04699707,-0.02062988,0.36840820
1.05271956,1.00000000,1.05565359,1.00000000,0.19000000,-0.35000000,-0.26000000,316.62500000,-0.06250000,6.06250000,0.92803955,-0.04986572,-0.01867676,0.36865234
1.05271956,1.00000000,1.05565359,1.00000000,0.33000000,-0.02000000,-0.17000000,316.68750000,-0.12500000,6.06250000,0.92810059,-0.04956055,-0.01849365,0.36846924
1.05271956,1.00000000,1.05565359,1.00000000,0.06000000,-0.15000000,-0.13000000,316.62500000,-0.12500000,6.06250000,0.92810059,-0.05004883,-0.01837158,0.36853027
1.00000000,1.00000000,1.00000000,0.95827821,-2.21000000,-2.97000000,0.09000000,318.37500000,-0.56250000,5.81250000,0.93353271,-0.04925537,-0.01324463,0.35479736
1.00000000,1.00000000,1.00000000,0.95827821,0.88000000,-2.48000000,-1.21000000,318.81250000,1.43750000,2.93750000,0.93579102,-0.01971436,-0.02111816,0.35131836
0.94895204,1.00000000,1.00000000,0.95827821,0.24000000,1.26000000,-0.39000000,318.81250000,1.31250000,3.06250000,0.93579102,-0.02111816,-0.02014160,0.35137939
0.94728044,1.00000000,1.00000000,0.95827821,-0.25000000,-0.05000000,-0.05000000,318.87500000,1.31250000,3.00000000,0.93603516,-0.02069092,-0.02026367,0.35070801
0.94728044,1.00000000,1.00000000,0.95827821,0.03000000,-0.08000000,-0.14000000,318.87500000,1.31250000,3.00000000,0.93603516,-0.02081299,-0.02026367,0.35070801
0.94728044,1.00000000,1.00000000,0.95827821,-0.02000000,-0.07000000,-0.12000000,318.87500000,1.31250000,3.00000000,0.93603516,-0.02087402,-0.02026367,0.35070801
0.94728044,1.00000000,1.00000000,0.95827821,0.00000000,-0.14000000,-0.15000000,318.87500000,1.31250000,-14.50000000,0.93603516,-0.02093506,-0.02032471,0.35070801
0.94728044,1.00000000,1.00000000,1.00000000,-0.07000000,1.65000000,0.03000000,318.87500000,1.31250000,3.12500000,0.93566895,-0.02276611,-0.02087402,0.35156250
0.94728044,1.00000000,1.00000000,1.00000000,0.33000000,-1.04000000,-0.17000000,318.50000000,1.31250000,3.56250000,0.93469238,-0.02514648,-0.02191162,0.35394287
0.94728044,1.00000000,1.00000000,1.00000000,-0.11000000,-0.15000000,-0.02000000,318.50000000,1.37500000,3.68750000,0.93457031,-0.02624512,-0.02282715,0.35400391
0.94728044,1.00000000,1.00000000,1.00000000,0.30000000,-0.11000000,-0.30000000,318.43750000,1.37500000,3.75000000,0.93450928,-0.02679443,-0.02313232,0.35412598
0.94728044,1.00000000,1.00000000,1.00000000,-0.13000000,0.03000000,-0.03000000,318.43750000,1.31250000,3.75000000,0.93457031,-0.02655029,-0.02264404,0.35412598
0.94728044,1.00000000,1.00000000,1.00000000,0.02000000,-0.13000000,-0.16000000,318.43750000,1.31250000,3.75000000,0.93450928,-0.02685547,-0.02288818,0.35412598
1.00000000,1.00000000,1.05565359,1.00000000,1.37000000,2.72000000,-0.29000000,317.12500000,1.56250000,3.81250000,0.93035889,-0.02618408,-0.02539062,0.36486816
1.05271956,1.00000000,1.05565359,1.00000000,0.50000000,-1.58000000,-1.00000000,314.93750000,1.00000000,5.56250000,0.92266846,-0.04187012,-0.02709961,0.38238525
1.05271956,1.00000000,1.05565359,1.00000000,0.42000000,-0.23000000,-0.33000000,315.00000000,0.12500000,5.87500000,0.92279053,-0.04711914,-0.02105713,0.38177490
1.05271956,1.00000000,1.05565359,1.00000000,0.21000000,-0.48000000,-0.38000000,315.00000000,-0.12500000,6.12500000,0.92260742,-0.05017090,-0.01953125,0.38201904
1.05271956,1.00000000,1.05565359,1.00000000,0.38000000,-0.08000000,-0.24000000,315.00000000,-0.06250000,6.06250000,0.92272949,-0.04943848,-0.01934814,0.38183594
1.00000000,1.00000000,1.05565359,1.00000000,0.07000000,-0.11000000,-0.14000000,315.00000000,-0.12500000,6.12500000,0.92266846,-0.05010986,-0.01910400,0.38177490
1.00000000,1.00000000,1.00000000,0.95827821,-2.15000000,-5.13000000,-0.75000000,316.93750000,-0.43750000,5.56250000,0.92919922,-0.04699707,-0.01416016,0.36621094
1.00000000,1.00000000,1.00000000,0.95827821,-0.84000000,-0.14000000,-0.33000000,317.18750000,1.37500000,3.00000000,0.93072510,-0.02038574,-0.02111816,0.36456299
1.00000000,1.00000000,1.00000000,0.95827821,0.82000000,1.70000000,-0.38000000,317.25000000,1.31250000,3.06250000,0.93096924,-0.02081299,-0.02062988,0.36395264
0.94728044,1.00000000,1.00000000,0.95827821,-0.11000000,0.21000000,-0.05000000,317.31250000,1.31250000,3.06250000,0.93103027,-0.02087402,-0.02062988,0.36376953
0.94728044,1.00000000,1.00000000,0.95827821,0.05000000,-0.13000000,-0.15000000,317.31250000,1.31250000,3.06250000,0.93103027,-0.02099609,-0.02050781,0.36376953
0.94728044,1.00000000,1.00000000,0.95827821,0.00000000,-0.06000000,-0.13000000,317.31250000,1.31250000,3.06250000,0.93103027,-0.02105713,-0.02056885,0.36376953
0.94728044,1.00000000,1.00000000,0.95827821,-0.02000000,-0.11000000,-0.11000000,317.31250000,1.31250000,3.06250000,0.93103027,-0.02111816,-0.02056885,0.36376953
0.94728044,1.00000000,1.00000000,1.00000000,0.09000000,1.04000000,0.14000000,317.18750000,1.25000000,3.31250000,0.93072510,-0.02288818,-0.02117920,0.36437988
0.94728044,1.00000000,1.00000000,1.00000000,-0.73000000,-0.77000000,-0.17000000,316.87500000,1.25000000,3.62500000,0.92950439,-0.02551270,-0.02209473,0.36718750
0.94728044,1.00000000,1.00000000,1.00000000,-0.23000000,-0.22000000,-0.09000000,316.81250000,1.31250000,3.81250000,0.92938232,-0.02655029,-0.02331543,0.36743164
0.94728044,1.00000000,1.00000000,1.00000000,0.16000000,-0.15000000,-0.24000000,316.81250000,1.31250000,3.81250000,0.92932129,-0.02697754,-0.02337646,0.36749268
0.94728044,1.00000000,1.00000000,1.00000000,-0.06000000,-0.06000000,-0.14000000,316.81250000,1.31250000,3.81250000,0.92932129,-0.02691650,-0.02307129,0.36749268
0.94728044,1.00000000,1.00000000,1.00000000,0.01000000,-0.07000000,-0.11000000,316.81250000,1.31250000,3.81250000,0.92932129,-0.02697754,-0.02313232,0.36749268
1.00000000,1.00000000,1.05565359,1.00000000,0.58000000,1.80000000,0.22000000,315.56250000,1.50000000,3.87500000,0.92529297,-0.02642822,-0.02551270,0.37750244
1.05271956,1.00000000,1.05565359,1.00000000,0.91000000,-1.59000000,-1.07000000,313.37500000,1.06250000,5.56250000,0.91729736,-0.04125977,-0.02795410,0.39501953
1.05271956,1.00000000,1.05565359,1.00000000,0.40000000,-0.52000000,-0.31000000,313.43750000,0.12500000,6.00000000,0.91735840,-0.04754639,-0.02203369,0.39453125
1.05271956,1.00000000,1.05565359,1.00000000,0.47000000,-0.66000000,-0.43000000,313.37500000,-0.06250000,6.12500000,0.91717529,-0.04992676,-0.02044678,0.39483643
1.05271956,1.00000000,1.05565359,1.00000000,0.09000000,-0.08000000,-0.15000000,313.37500000,-0.12500000,6.18750000,0.91711426,-0.04998779,-0.02001953,0.39489746
1.05271956,1.00000000,1.05565359,1.00000000,0.03000000,0.00000000,-0.07000000,313.37500000,-0.12500000,6.12500000,0.91711426,-0.05010986,-0.01995850,0.39489746
1.00000000,1.00000000,1.00000000,0.95827821,-1.72000000,-4.18000000,-0.21000000,315.31250000,-0.43750000,5.62500000,0.92388916,-0.04730225,-0.01470947,0.38720703
1.00000000,1.00000000,1.00000000,0.95827821,-0.49000000,0.55000000,-0.08000000,315.50000000,1.31250000,3.06250000,0.92529297,-0.02056885,-0.02130127,0.37817383
0.99670824,1.00000000,1.00000000,0.95827821,0.25000000,1.23000000,0.10000000,315.62500000,1.25000000,3.12500000,0.92559814,-0.02105713,-0.02093506,0.37725830
0.94728044,1.00000000,1.00000000,0.95827821,0.22000000,0.05000000,-0.19000000,315.62500000,1.25000000,3.12500000,0.92572021,-0.02099609,-0.02087402,0.37707520
0.94728044,1.00000000,1.00000000,0.95827821,0.08000000,-0.08000000,-0.14000000,315.62500000,1.25000000,3.12500000,0.92572021,-0.02105713,-0.02081299,0.37707520
0.94728044,1.00000000,1.00000000,0.95827821,-0.03000000,-0.08000000,-0.13000000,315.62500000,1.25000000,3.12500000,0.92572021,-0.02105713,-0.02081299,0.37707520
0.94728044,1.00000000,1.00000000,0.95827821,-0.02000000,-0.12000000,-0.14000000,315.62500000,1.25000000,3.12500000,0.92572021,-0.02105713,-0.02081299,0.37707520
0.94728044,1.00000000,1.00000000,1.00000000,0.00000000,1.57000000,0.13000000,315.56250000,1.25000000,3.25000000,0.92541504,-0.02246094,-0.02136230,0.37768555
0.94728044,1.00000000,1.00000000,1.00000000,-0.69000000,-0.38000000,-0.08000000,315.25000000,1.25000000,3.56250000,0.92425537,-0.02496338,-0.02227783,0.38024902
0.94728044,1.00000000,1.00000000,1.00000000,0.13000000,-0.08000000,-0.25000000,315.18750000,1.31250000,3.75000000,0.92413330,-0.02606201,-0.02319336,0.38049316
0.94728044,1.00000000,1.00000000,1.00000000,-0.05000000,0.01000000,-0.09000000,315.18750000,1.25000000,3.75000000,0.92413330,-0.02600098,-0.02282715,0.38049316
0.94728044,1.00000000,1.00000000,1.00000000,0.15000000,-0.36000000,-0.32000000,315.18750000,1.31250000,3.81250000,0.92407227,-0.02679443,-0.02355957,0.38055420
0.94728044,1.00000000,1.00000000,1.00000000,-0.01000000,-0.08000000,-0.16000000,315.18750000,1.25000000,3.81250000,0.92407227,-0.02648926,-0.02307129,0.38055420
1.05271956,1.00000000,1.05565359,1.00000000,2.11000000,2.59000000,-0.72000000,313.06250000,1.68750000,4.31250000,0.91674805,-0.02899170,-0.02868652,0.39746094
1.05271956,1.00000000,1.05565359,1.00000000,-2.15000000,-0.31000000,0.44000000,311.75000000,0.37500000,5.81250000,0.91162109,-0.04492188,-0.02386475,0.40783691
1.05271956,1.00000000,1.05565359,1.00000000,0.91000000,-0.40000000,-0.41000000,311.81250000,0.00000000,5.93750000,0.91162109,-0.04760742,-0.02136230,0.40765381
1.05271956,1.00000000,1.05565359,1.00000000,-0.34000000,0.00000000,0.05000000,311.75000000,-0.25000000,6.18750000,0.91149902,-0.05041504,-0.01989746,0.40771484
1.05271956,1.00000000,1.05565359,1.00000000,0.06000000,-0.02000000,-0.11000000,311.75000000,-0.18750000,6.12500000,0.91156006,-0.04986572,-0.02020264,0.40771484
1.00000000,1.00000000,1.05565359,1.00000000,-0.12000000,-0.05000000,-0.10000000,311.81250000,-0.18750000,6.12500000,0.91162109,-0.05004883,-0.02008057,0.40747070
1.00000000,1.00000000,1.00000000,0.95827821,0.95000000,6.11000000,-0.76000000,314.18750000,1.81250000,2.43750000,0.92095947,-0.01373291,-0.02319336,0.38873291
1.00000000,1.00000000,1.00000000,0.95827821,-1.56000000,0.00000000,-0.27000000,313.75000000,1.12500000,3.18750000,0.91943359,-0.02185059,-0.02038574,0.39208984
0.94728044,1.00000000,1.00000000,0.95827821,0.19000000,0.28000000,-0.20000000,314.06250000,1.25000000,3.12500000,0.92041016,-0.02105713,-0.02087402,0.38989258
0.94728044,1.00000000,1.00000000,0.95827821,0.02000000,-0.08000000,-0.15000000,314.06250000,1.25000000,3.12500000,0.92041016,-0.02099609,-0.02099609,0.38989258
0.94728044,1.00000000,1.00000000,0.95827821,0.02000000,-0.06000000,-0.14000000,314.06250000,1.25000000,3.12500000,0.92041016,-0.02105713,-0.02099609,0.38989258
0.94728044,1.00000000,1.00000000,0.95827821,0.00000000,-0.03000000,-0.13000000,314.06250000,1.25000000,3.12500000,0.92041016,-0.02105713,-0.02105713,0.38989258
0.94728044,1.00000000,1.00000000,0.95827821,0.00000000,-0.03000000,-0.13000000,314.06250000,1.25000000,3.12500000,0.92041016,-0.02111816,-0.02105713,0.38989258
0.94728044,1.00000000,1.00000000,1.00000000,-0.47000000,-0.16000000,-0.12000000,313.87500000,1.25000000,3.37500000,0.91986084,-0.02301025,-0.02191162,0.39093018
0.94728044,1.00000000,1.00000000,1.00000000,0.00000000,-0.04000000,-0.12000000,313.62500000,1.25000000,3.75000000,0.91876221,-0.02587891,-0.02343750,0.39318848
0.94728044,1.00000000,1.00000000,1.00000000,0.08000000,-0.07000000,-0.16000000,313.62500000,1.25000000,3.87500000,0.91876221,-0.02655029,-0.02380371,0.39324951
0.94728044,1.00000000,1.00000000,1.00000000,0.00000000,-0.10000000,-0.15000000,313.62500000,1.25000000,3.81250000,0.91876221,-0.02655029,-0.02343750,0.39324951
0.94728044,1.00000000,1.00000000,1.00000000,-0.02000000,0.00000000,-0.13000000,313.62500000,1.25000000,3.81250000,0.91876221,-0.02655029,-0.02343750,0.39324951
1.00000000,1.00000000,1.00000000,1.00000000,0.36000000,1.42000000,-0.10000000,313.62500000,1.25000000,3.81250000,0.91876221,-0.02661133,-0.02343750,0.39324951
1.05271956,1.00000000,1.05565359,1.00000000,0.70000000,0.00000000,-0.94000000,311.25000000,1.68750000,4.62500000,0.91009521,-0.03070068,-0.03009033,0.41223145
1.05271956,1.00000000,1.05565359,1.00000000,-2.01000000,-0.23000000,0.83000000,310.31250000,0.18750000,5.81250000,0.90631104,-0.04547119,-0.02301025,0.41949463
1.05271956,1.00000000,1.05565359,1.00000000,-0.31000000,0.57000000,0.39000000,310.25000000,0.00000000,5.93750000,0.90606689,-0.04705811,-0.02172852,0.41998291
1.05271956,1.00000000,1.05565359,1.00000000,-0.52000000,-0.28000000,-0.07000000,310.25000000,-0.25000000,6.25000000,0.90588379,-0.05072021,-0.02087402,0.41998291
1.05271956,1.00000000,1.05565359,1.00000000,0.02000000,-0.05000000,-0.11000000,310.25000000,-0.12500000,6.12500000,0.90594482,-0.04943848,-0.02124023,0.41992188
1.00000000,1.00000000,1.05565359,1.00000000,-0.04000000,-0.45000000,0.01000000,310.25000000,-0.18750000,6.18750000,0.90594482,-0.04998779,-0.02111816,0.41992188
1.00000000,1.00000000,1.00000000,0.95827821,19.73000000,15.65000000,-5.62000000,312.62500000,1.68750000,3.25000000,0.91546631,-0.02001953,-0.02508545,0.40106201
1.00000000,1.00000000,1.00000000,0.95827821,1.23000000,0.79000000,-0.62000000,312.18750000,1.12500000,3.18750000,0.91381836,-0.02172852,-0.02087402,0.40496826
0.94728044,1.00000000,1.00000000,0.95827821,-0.58000000,-0.33000000,-0.22000000,312.43750000,1.18750000,3.18750000,0.91479492,-0.02136230,-0.02117920,0.40277100
0.94728044,1.00000000,1.00000000,0.95827821,-0.16000000,-0.16000000,-0.08000000,312.43750000,1.18750000,3.18750000,0.91479492,-0.02124023,-0.02124023,0.40277100
0.94728044,1.00000000,1.00000000,0.95827821,0.03000000,-0.03000000,-0.13000000,312.43750000,1.18750000,3.18750000,0.91479492,-0.02130127,-0.02124023,0.40277100
0.94728044,1.00000000,1.00000000,0.95827821,0.01000000,-0.03000000,-0.09000000,312.43750000,1.18750000,3.18750000,0.91479492,-0.02130127,-0.02124023,0.40277100
0.94728044,1.00000000,1.00000000,0.95827821,0.01000000,-0.03000000,-0.13000000,312.43750000,1.18750000,3.18750000,0.91479492,-0.02136230,-0.02130127,0.40277100
0.94728044,1.00000000,1.00000000,1.00000000,-0.33000000,0.14000000,-0.13000000,312.31250000,1.18750000,3.43750000,0.91418457,-0.02349854,-0.02215576,0.40405273
0.94728044,1.00000000,1.00000000,1.00000000,-0.14000000,0.04000000,-0.14000000,312.06250000,1.25000000,3.81250000,0.91320801,-0.02612305,-0.02355957,0.40594482
0.94728044,1.00000000,1.00000000,1.00000000,0.29000000,-0.23000000,-0.32000000,312.00000000,1.25000000,3.93750000,0.91314697,-0.02679443,-0.02435303,0.40600586
0.94728044,1.00000000,1.00000000,1.00000000,0.02000000,-0.10000000,-0.16000000,312.00000000,1.18750000,3.87500000,0.91320801,-0.02667236,-0.02362061,0.40600586
0.94728044,1.00000000,1.00000000,1.00000000,0.13000000,-0.09000000,-0.19000000,312.00000000,1.18750000,3.87500000,0.91314697,-0.02685547,-0.02374268,0.40600586
1.00000000,1.00000000,1.00000000,1.00000000,-0.12000000,0.22000000,-0.07000000,312.00000000,1.18750000,3.87500000,0.91308594,-0.02679443,-0.02374268,0.40618896
1.05271956,1.00000000,1.05565359,1.00000000,0.62000000,-1.01000000,0.01000000,309.56250000,1.56250000,4.68750000,0.90393066,-0.03112793,-0.03021240,0.42547607
1.05271956,1.00000000,1.05565359,1.00000000,-2.23000000,0.47000000,0.37000000,308.75000000,0.06250000,5.81250000,0.90051270,-0.04583740,-0.02270508,0.43182373
1.05271956,1.00000000,1.05565359,1.00000000,-0.12000000,0.55000000,0.18000000,308.62500000,0.00000000,5.93750000,0.90014648,-0.04736328,-0.02221680,0.43249512
1.05271956,1.00000000,1.05565359,1.00000000,-0.37000000,-0.25000000,-0.12000000,308.62500000,-0.18750000,6.25000000,0.89996338,-0.05023193,-0.02172852,0.43255615
1.05271956,1.00000000,1.05565359,1.00000000,-0.01000000,-0.05000000,-0.10000000,308.62500000,-0.18750000,6.18750000,0.89996338,-0.04962158,-0.02191162,0.43249512
1.00000000,1.00000000,1.05565359,1.00000000,0.06000000,-0.39000000,0.01000000,308.62500000,-0.18750000,6.25000000,0.90032959,-0.04974365,-0.02178955,0.43182373
1.00000000,1.00000000,1.00000000,0.95827821,2.33000000,4.87000000,-0.18000000,311.12500000,1.75000000,3.06250000,0.91033936,-0.01361084,-0.02362061,0.41302490
1.00000000,1.00000000,1.00000000,0.95827821,-1.05000000,0.35000000,-0.06000000,310.68750000,1.12500000,3.31250000,0.90856934,-0.02246094,-0.02136230,0.41662598
0.94728044,1.00000000,1.00000000,0.95827821,0.00000000,0.18000000,-0.13000000,310.93750000,1.18750000,3.25000000,0.90954590,-0.02148438,-0.02172852,0.41448975
0.94728044,1.00000000,1.00000000,0.95827821,-0.09000000,-0.17000000,-0.10000000,310.93750000,1.25000000,3.25000000,0.90954590,-0.02148438,-0.02185059,0.41448975
0.94728044,1.00000000,1.00000000,0.95827821,0.03000000,-0.03000000,-0.14000000,310.93750000,1.25000000,3.25000000,0.90954590,-0.02148438,-0.02185059,0.41448975
0.94728044,1.00000000,1.00000000,0.95827821,0.00000000,-0.01000000,-0.13000000,310.93750000,1.25000000,3.25000000,0.90954590,-0.02154541,-0.02185059,0.41448975
0.94728044,1.00000000,1.00000000,1.00000000,0.00000000,-0.03000000,-0.12000000,310.93750000,1.25000000,3.25000000,0.90948486,-0.02148438,-0.02185059,0.41467285
0.94728044,1.00000000,1.00000000,1.00000000,0.60000000,1.09000000,0.02000000,310.81250000,1.25000000,3.50000000,0.90869141,-0.02380371,-0.02294922,0.41613770
0.94728044,1.00000000,1.00000000,1.00000000,0.31000000,0.25000000,-0.20000000,310.56250000,1.25000000,3.93750000,0.90777588,-0.02661133,-0.02447510,0.41784668
0.94728044,1.00000000,1.00000000,1.00000000,0.04000000,-0.25000000,-0.20000000,310.56250000,1.25000000,3.93750000,0.90783691,-0.02697754,-0.02459717,0.41772461
0.94728044,1.00000000,1.00000000,1.00000000,0.08000000,-0.02000000,-0.16000000,310.56250000,1.18750000,3.93750000,0.90783691,-0.02685547,-0.02429199,0.41772461
0.94728044,1.00000000,1.00000000,1.00000000,-0.06000000,-0.02000000,-0.11000000,310.56250000,1.18750000,3.93750000,0.90783691,-0.02703857,-0.02441406,0.41772461
1.00000000,1.00000000,1.00000000,1.00000000,1.53000000,0.72000000,-0.03000000,310.25000000,1.25000000,3.93750000,0.90551758,-0.02618408,-0.02545166,0.42272949
1.05271956,1.00000000,1.05565359,1.00000000,-0.87000000,-0.78000000,-0.39000000,307.37500000,1.31250000,5.31250000,0.89556885,-0.03680420,-0.03125000,0.44232178
1.05271956,1.00000000,1.05565359,1.00000000,0.02000000,-0.20000000,0.00000000,307.31250000,0.06250000,6.00000000,0.89495850,-0.04669189,-0.02398682,0.44305420
1.05271956,1.00000000,1.05565359,1.00000000,-0.31000000,-0.40000000,-0.06000000,307.18750000,-0.12500000,6.18750000,0.89447021,-0.04907227,-0.02258301,0.44384766
1.05271956,1.00000000,1.05565359,1.00000000,0.00000000,-0.06000000,-0.09000000,307.18750000,-0.12500000,6.18750000,0.89434814,-0.04943848,-0.02276611,0.44403076
1.05271956,1.00000000,1.05565359,1.00000000,-0.02000000,0.07000000,-0.10000000,307.18750000,-0.18750000,6.18750000,0.89440918,-0.04956055,-0.02264404,0.44390869
1.00000000,1.00000000,1.00000000,0.95827821,-2.62000000,2.29000000,1.67000000,308.06250000,-0.37500000,6.12500000,0.90026855,-0.05004883,-0.01806641,0.43206787
1.00000000,1.00000000,1.00000000,0.95827821,2.53000000,-0.74000000,-1.03000000,309.50000000,1.37500000,3.12500000,0.90417480,-0.01947021,-0.02270508,0.42608643
0.94728044,1.00000000,1.00000000,0.95827821,0.18000000,2.07000000,-0.28000000,309.43750000,1.18750000,3.31250000,0.90399170,-0.02209473,-0.02203369,0.42645264
0.94728044,1.00000000,1.00000000,0.95827821,-0.20000000,0.06000000,-0.11000000,309.56250000,1.18750000,3.25000000,0.90435791,-0.02130127,-0.02203369,0.42565918
0.94728044,1.00000000,1.00000000,0.95827821,-0.04000000,0.01000000,-0.11000000,309.56250000,1.25000000,3.25000000,0.90435791,-0.02124023,-0.02203369,0.42565918
0.94728044,1.00000000,1.00000000,0.95827821,0.00000000,-0.02000000,-0.14000000,-1738.43750000,1.25000000,3.25000000,0.90435791,-0.02124023,-0.02203369,0.42565918
0.94728044,1.00000000,1.00000000,0.95827821,0.03000000,-0.08000000,-0.16000000,309.56250000,1.25000000,3.25000000,0.90435791,-0.02124023,-0.02203369,0.42565918
0.94728044,1.00000000,1.00000000,1.00000000,0.02000000,2.01000000,0.09000000,309.50000000,1.18750000,3.25000000,0.90423584,-0.02142334,-0.02209473,0.42590332
0.94728044,1.00000000,1.00000000,1.00000000,0.35000000,-1.09000000,-0.07000000,309.18750000,1.18750000,3.75000000,0.90277100,-0.02502441,-0.02374268,0.42871094
0.94728044,1.00000000,1.00000000,1.00000000,-0.36000000,-0.11000000,0.03000000,309.06250000,1.18750000,3.87500000,0.90252686,-0.02630615,-0.02441406,0.42913818
0.94728044,1.00000000,1.00000000,1.00000000,500.00000000,500.00000000,500.00000000,500.00000000,500.00000000,500.00000000,500.00000000,500.00000000,500.00000000,500.00000000
0.94728044,1.00000000,1.00000000,1.00000000,-0.21000000,0.17000000,0.00000000,309.12500000,1.18750000,3.93750000,0.90246582,-0.02673340,-0.02459717,0.42919922
0.94728044,1.00000000,1.00000000,1.00000000,0.00000000,0.02000000,-0.12000000,309.12500000,1.25000000,4.00000000,0.90246582,-0.02703857,-0.02490234,0.42919922
1.00000000,1.00000000,1.05565359,1.00000000,2.56000000,0.66000000,-0.68000000,307.68750000,1.50000000,4.12500000,0.89697266,-0.02661133,-0.02813721,0.44042969
1.05271956,1.00000000,1.05565359,1.00000000,0.56000000,-1.84000000,-0.81000000,305.68750000,0.50000000,5.81250000,0.88861084,-0.04302979,-0.02740479,0.45574951
1.05271956,1.00000000,1.05565359,1.00000000,0.93000000,-0.11000000,-0.43000000,305.75000000,0.06250000,6.06250000,0.88897705,-0.04669189,-0.02502441,0.45489502
1.05271956,1.00000000,1.05565359,1.00000000,0.16000000,-0.39000000,-0.30000000,305.68750000,-0.18750000,6.31250000,0.88867188,-0.05004883,-0.02331543,0.45526123
1.05271956,1.00000000,1.05565359,1.00000000,0.09000000,0.22000000,-0.04000000,305.75000000,-0.12500000,6.18750000,0.88879395,-0.04895020,-0.02313232,0.45513916
1.00000000,1.00000000,1.05565359,1.00000000,-0.18000000,-0.27000000,-0.12000000,305.75000000,-0.25000000,6.31250000,0.88873291,-0.05017090,-0.02282715,0.45513916
0.98683297,1.00000000,1.00000000,0.95827821,15.96000000,4.01000000,-7.83000000,308.06250000,1.18750000,4.37500000,0.89837646,-0.02966309,-0.02630615,0.43743896
1.00000000,1.00000000,1.00000000,0.95827821,-1.05000000,0.46000000,0.14000000,307.87500000,1.18750000,3.31250000,0.89794922,-0.02148438,-0.02215576,0.43902588
0.94728044,1.00000000,1.00000000,0.95827821,-0.29000000,-0.31000000,-0.19000000,308.06250000,1.18750000,3.31250000,0.89880371,-0.02136230,-0.02221680,0.43731689
0.94728044,1.00000000,1.00000000,0.95827821,-0.15000000,-0.11000000,-0.08000000,308.06250000,1.18750000,3.25000000,0.89880371,-0.02124023,-0.02233887,0.43731689
0.94728044,1.00000000,1.00000000,0.95827821,0.02000000,-0.01000000,-0.15000000,308.06250000,1.18750000,3.25000000,0.89880371,-0.02124023,-0.02227783,0.43731689
0.94728044,1.00000000,1.00000000,0.95827821,0.02000000,-0.04000000,-0.11000000,308.06250000,1.18750000,3.25000000,0.89880371,-0.02130127,-0.02233887,0.43731689
0.94728044,1.00000000,1.00000000,0.95827821,0.00000000,0.00000000,-0.11000000,308.06250000,1.18750000,3.25000000,0.89880371,-0.02130127,-0.02233887,0.43731689
0.94728044,1.00000000,1.00000000,1.00000000,-0.55000000,-0.66000000,-0.16000000,307.87500000,1.18750000,3.56250000,0.89807129,-0.02337646,-0.02331543,0.43865967
0.94728044,1.00000000,1.00000000,1.00000000,-0.27000000,-0.05000000,-0.20000000,307.62500000,1.18750000,3.87500000,0.89697266,-0.02563477,-0.02459717,0.44067383
0.94728044,1.00000000,1.00000000,1.00000000,0.18000000,-0.20000000,-0.26000000,307.68750000,1.18750000,3.93750000,0.89703369,-0.02630615,-0.02490234,0.44049072
0.94728044,1.00000000,1.00000000,1.00000000,0.03000000,-0.05000000,-0.11000000,307.68750000,1.18750000,3.93750000,0.89703369,-0.02624512,-0.02484131,0.44049072
0.94728044,1.00000000,1.00000000,1.00000000,0.00000000,0.01000000,-0.13000000,307.68750000,1.18750000,3.93750000,0.89703369,-0.02630615,-0.02490234,0.44049072
1.00000000,1.00000000,1.00000000,1.00000000,0.14000000,0.87000000,-0.09000000,307.68750000,1.18750000,3.93750000,0.89703369,-0.02630615,-0.02490234,0.44049072
1.05271956,1.00000000,1.05565359,1.00000000,0.50000000,0.70000000,-1.04000000,305.06250000,1.56250000,4.87500000,0.88641357,-0.03125000,-0.03216553,0.46075439
1.05271956,1.00000000,1.05565359,1.00000000,-0.17000000,-0.64000000,0.13000000,304.31250000,-0.06250000,5.93750000,0.88305664,-0.04620361,-0.02374268,0.46636963
1.05271956,1.00000000,1.05565359,1.00000000,-0.89000000,0.73000000,0.35000000,304.18750000,-0.12500000,6.06250000,0.88256836,-0.04754639,-0.02343750,0.46722412
1.05271956,1.00000000,1.05565359,1.00000000,-0.39000000,-0.02000000,0.02000000,304.18750000,-0.18750000,6.18750000,0.88256836,-0.04888916,-0.02355957,-1.53289795
1.05271956,1.00000000,1.05565359,1.00000000,-0.21000000,-0.03000000,-0.04000000,304.18750000,-0.18750000,6.18750000,0.88256836,-0.04876709,-0.02374268,0.46697998
1.00000000,1.00000000,1.05565359,0.95827821,0.03000000,-2.44000000,-0.78000000,304.18750000,-0.18750000,6.18750000,0.88256836,-0.04870605,-0.02374268,0.46697998
1.00000000,1.00000000,1.00000000,0.95827821,3.30000000,10.49000000,-1.33000000,306.75000000,1.75000000,2.93750000,0.89367676,-0.01623535,-0.02557373,0.44769287
0.94728044,1.00000000,1.00000000,0.95827821,0.29000000,-0.50000000,-0.53000000,306.25000000,1.06250000,3.37500000,0.89178467,-0.02197266,-0.02209473,0.45135498
0.94728044,1.00000000,1.00000000,0.95827821,-0.16000000,-0.03000000,0.17000000,306.56250000,1.18750000,3.31250000,0.89288330,-0.02130127,-0.02252197,0.44921875
0.94728044,1.00000000,1.00000000,0.95827821,-0.09000000,-0.12000000,-0.10000000,306.56250000,1.18750000,3.31250000,0.89288330,-0.02111816,-0.02258301,0.44921875
0.94728044,1.00000000,1.00000000,0.95827821,500.00000000,500.00000000,500.00000000,500.00000000,500.00000000,500.00000000,500.00000000,500.00000000,500.00000000,500.00000000
0.94728044,1.00000000,1.00000000,0.95827821,0.00000000,0.00000000,-0.14000000,306.56250000,1.18750000,3.31250000,0.89288330,-0.02117920,-0.02264404,0.44921875
0.94728044,1.00000000,1.00000000,0.95827821,0.03000000,-0.45000000,-0.15000000,306.56250000,1.18750000,3.31250000,0.89288330,-0.02905273,-0.02264404,0.44921875
0.94728044,1.00000000,1.00000000,1.00000000,-0.15000000,0.94000000,0.02000000,306.31250000,1.18750000,3.56250000,0.89196777,-0.02343750,-0.02362061,0.45092773
0.94728044,1.00000000,1.00000000,1.00000000,0.26000000,0.28000000,-0.04000000,306.06250000,1.18750000,3.87500000,0.89080811,-0.02563477,-0.02471924,0.45306396
0.94728044,1.00000000,1.00000000,1.00000000,0.32000000,-0.25000000,-0.33000000,306.06250000,1.18750000,4.00000000,0.89080811,-0.02636719,-0.02551270,0.45288086
0.94728044,1.00000000,1.00000000,1.00000000,-0.04000000,-0.06000000,-0.10000000,306.06250000,1.12500000,3.93750000,0.89080811,-0.02630615,-0.02496338,0.45288086
0.94728044,1.00000000,1.00000000,1.00000000,-0.03000000,-0.09000000,-0.13000000,306.06250000,1.12500000,3.93750000,0.89080811,-0.02642822,-0.02496338,0.45288086
1.00000000,1.00000000,1.00000000,1.00000000,0.06000000,0.51000000,-0.09000000,306.06250000,1.12500000,3.93750000,0.89068604,-0.02612305,-0.02496338,0.45318604
1.05271956,1.00000000,1.05565359,1.00000000,0.48000000,0.63000000,-0.61000000,303.56250000,1.50000000,4.68750000,0.88049316,-0.02996826,-0.03112793,0.47210693
1.05271956,1.00000000,1.05565359,1.00000000,-1.24000000,0.48000000,0.12000000,302.68750000,0.12500000,5.75000000,0.87646484,-0.04345703,-0.02508545,0.47882080
1.05271956,1.00000000,1.05565359,1.00000000,-0.47000000,0.32000000,0.04000000,302.62500000,0.00000000,6.00000000,0.87603760,-0.04620361,-0.02478027,0.47937012
1.05271956,1.00000000,1.05565359,1.00000000,0.08000000,-0.19000000,-0.20000000,302.62500000,-0.12500000,6.12500000,0.87609863,-0.04791260,-0.02471924,0.47912598
1.05271956,1.00000000,1.05565359,1.00000000,-0.07000000,0.00000000,-0.06000000,302.62500000,-0.12500000,6.12500000,0.87609863,-0.04779053,-0.02471924,0.47912598
1.00000000,1.00000000,1.05565359,0.95827821,-0.11000000,-1.05000000,-0.29000000,302.62500000,-0.12500000,6.12500000,0.87609863,-0.04803467,-0.02453613,0.47912598
1.00000000,1.00000000,1.00000000,0.95827821,2.18000000,7.09000000,-1.23000000,305.12500000,1.75000000,3.00000000,0.88726807,-0.01623535,-0.02569580,0.46026611
0.94728044,1.00000000,1.00000000,0.95827821,-0.93000000,-0.37000000,-0.37000000,304.68750000,1.06250000,3.37500000,0.88531494,-0.02185059,-0.02221680,0.46392822
0.94728044,1.00000000,1.00000000,0.95827821,0.32000000,0.26000000,-0.25000000,304.93750000,1.12500000,3.31250000,0.88653564,1.97875977,-0.02264404,0.46160889
0.94728044,1.00000000,1.00000000,0.95827821,0.02000000,-0.06000000,-0.12000000,304.93750000,1.18750000,3.31250000,0.88653564,-0.02105713,-0.02270508,0.46160889
0.94728044,1.00000000,1.00000000,0.95827821,0.04000000,-0.03000000,-0.13000000,304.93750000,1.18750000,3.31250000,0.88653564,-0.02105713,-0.02270508,0.46160889
0.94728044,1.00000000,1.00000000,0.95827821,0.00000000,0.00000000,-0.12000000,304.93750000,1.18750000,3.31250000,0.88653564,-0.02111816,-0.02270508,0.46160889
0.94728044,1.00000000,1.00000000,0.95827821,0.01000000,0.00000000,-0.10000000,304.93750000,1.18750000,3.31250000,0.88653564,-0.02111816,-0.02270508,0.46160889
0.94728044,1.00000000,1.00000000,1.00000000,-0.53000000,0.62000000,0.00000000,304.75000000,1.12500000,3.56250000,0.88562012,-0.02294922,-0.02368164,0.46325684
0.94728044,1.00000000,1.00000000,1.00000000,0.00000000,0.59000000,-0.01000000,304.50000000,1.12500000,3.81250000,0.88446045,-0.02508545,-0.02465820,0.46520996
0.94728044,1.00000000,1.00000000,1.00000000,0.15000000,-0.25000000,-0.26000000,304.50000000,1.18750000,3.93750000,0.88446045,-0.02587891,-0.02532959,0.46514893
0.94728044,1.00000000,1.00000000,1.00000000,-0.24000000,-0.18000000,-0.06000000,304.50000000,1.12500000,3.93750000,0.88452148,-0.02581787,-0.02496338,0.46508789
0.94728044,1.00000000,1.00000000,1.00000000,0.02000000,0.08000000,-0.10000000,304.50000000,1.12500000,3.93750000,0.88452148,-0.02587891,-0.02508545,0.46508789
1.00000000,1.00000000,1.00000000,1.00000000,0.09000000,0.95000000,-0.03000000,304.50000000,1.12500000,3.93750000,0.88452148,-0.02587891,-0.02508545,0.46508789
1.05271956,1.00000000,1.05565359,1.00000000,0.55000000,0.79000000,-0.76000000,302.18750000,1.56250000,4.56250000,0.87322998,-0.03009033,-0.03210449,0.48529053
1.05271956,1.00000000,1.05565359,1.00000000,-3.41000000,1.03000000,1.38000000,301.12500000,0.06250000,5.75000000,0.86993408,-0.04357910,-0.02532959,0.49060059
1.05271956,1.00000000,1.05565359,1.00000000,-0.41000000,0.43000000,0.14000000,301.00000000,-0.06250000,6.00000000,0.86926270,-0.04614258,-0.02514648,0.49157715
1.05271956,1.00000000,1.05565359,1.00000000,-0.02000000,-0.30000000,-0.18000000,301.00000000,-0.12500000,6.12500000,0.86932373,-0.04724121,-0.02532959,0.49133301
1.05271956,1.00000000,1.05565359,1.00000000,-0.01000000,-0.06000000,-0.10000000,301.00000000,-0.12500000,-2041.87500000,0.86932373,-0.04772949,-0.02526855,0.49133301
1.00000000,1.00000000,1.05565359,0.95827821,0.60000000,-3.40000000,-1.24000000,301.00000000,-0.18750000,6.18750000,0.86993408,-0.04809570,-0.02478027,0.49023438
1.00000000,1.00000000,1.00000000,0.95827821,3.42000000,5.10000000,-0.20000000,303.62500000,1.68750000,2.62500000,0.88110352,-0.01312256,-0.02410889,0.47210693
0.94728044,1.00000000,1.00000000,0.95827821,-2.55000000,-0.85000000,0.76000000,303.12500000,1.00000000,3.43750000,0.87945557,-0.02233887,-0.02252197,0.47497559
0.94728044,1.00000000,1.00000000,0.95827821,0.07000000,0.15000000,-0.10000000,303.37500000,1.06250000,3.31250000,0.88012695,-0.02117920,-0.02252197,0.47375488
0.94728044,1.00000000,1.00000000,0.95827821,0.13000000,0.04000000,-0.15000000,303.37500000,1.12500000,3.31250000,0.88012695,-0.02117920,-0.02258301,0.47375488
0.94728044,1.00000000,1.00000000,0.95827821,0.00000000,0.00000000,-0.11000000,303.37500000,1.12500000,3.31250000,0.88012695,-0.02117920,-0.02258301,0.47375488
0.94728044,1.00000000,1.00000000,0.95827821,0.01000000,0.00000000,-0.14000000,303.37500000,1.12500000,3.31250000,0.88012695,-0.02117920,-0.02264404,0.47375488
0.94728044,1.00000000,1.00000000,0.95827821,0.00000000,-0.02000000,-0.13000000,303.37500000,1.12500000,3.31250000,0.88012695,-0.02117920,-0.02264404,0.47375488
0.94728044,1.00000000,1.00000000,0.95827821,0.03000000,0.00000000,-0.14000000,303.37500000,1.12500000,3.31250000,0.88012695,-0.02117920,-0.02264404,0.47375488
0.94728044,1.00000000,1.00000000,0.95827821,0.01000000,0.00000000,-0.12000000,303.37500000,1.12500000,3.31250000,0.88012695,-0.02117920,-0.02264404,0.47375488
0.94728044,1.00000000,1.00000000,0.95827821,0.03000000,0.00000000,-0.13000000,303.37500000,1.12500000,3.31250000,0.88012695,-0.02117920,-0.02264404,0.47375488
0.94728044,1.00000000,1.00000000,0.95827821,0.02000000,0.00000000,-0.11000000,303.37500000,1.12500000,3.31250000,0.88012695,-0.02117920,-0.02264404,0.47375488
0.94728044,1.00000000,1.00000000,0.95827821,0.02000000,0.01000000,-0.13000000,303.37500000,1.12500000,3.31250000,0.88012695,-0.02117920,-0.02264404,0.47375488
0.94728044,1.00000000,1.00000000,0.95827821,0.01000000,-0.01000000,-0.10000000,303.37500000,1.12500000,3.31250000,0.88012695,-0.02117920,-0.02264404,0.47375488
0.94728044,1.00000000,1.00000000,0.95827821,0.00000000,0.00000000,-0.14000000,303.37500000,1.12500000,3.31250000,0.88012695,-0.02117920,-0.02264404,0.47375488
0.94728044,1.00000000,1.00000000,0.95827821,0.02000000,0.00000000,-0.11000000,303.37500000,1.12500000,3.31250000,0.88012695,-0.02117920,-0.02264404,0.47375488
0.94728044,1.00000000,1.00000000,0.95827821,0.02000000,0.00000000,-0.13000000,303.37500000,1.12500000,3.31250000,0.88012695,-0.02117920,-0.02264404,0.47375488
0.94728044,1.00000000,1.00000000,0.95827821,0.02000000,-0.01000000,-0.15000000,303.37500000,1.12500000,3.31250000,0.88012695,-0.02117920,-0.02264404,0.47375488
0.94728044,1.00000000,1.00000000,0.95827821,0.01000000,0.00000000,-0.12000000,303.37500000,1.12500000,3.31250000,0.88012695,-0.02117920,-0.02264404,0.47375488
0.94728044,1.00000000,1.00000000,0.95827821,0.01000000,0.00000000,-0.16000000,303.37500000,1.12500000,3.31250000,0.88012695,-0.02117920,-0.02264404,0.47375488
0.94728044,1.00000000,1.00000000,0.95827821,0.02000000,0.02000000,-0.12000000,303.37500000,1.12500000,3.31250000,0.88012695,-0.02117920,-0.02264404,0.47375488
0.94728044,1.00000000,1.00000000,0.95827821,0.01000000,0.01000000,-0.14000000,303.37500000,1.12500000,3.31250000,0.88012695,-0.02117920,-0.02264404,0.47375488
0.94728044,1.00000000,1.00000000,0.95827821,0.02000000,0.00000000,-0.10000000,303.37500000,1.12500000,3.31250000,0.88012695,-0.02117920,-0.02264404,0.47375488
0.94728044,1.00000000,1.00000000,0.95827821,0.02000000,0.00000000,-0.12000000,303.37500000,1.12500000,3.31250000,0.88012695,-0.02117920,-0.02264404,0.47375488
0.94728044,1.00000000,1.00000000,0.95827821,0.01000000,0.00000000,-0.10000000,303.37500000,1.12500000,3.31250000,0.88012695,-0.02117920,-0.02264404,0.47375488
0.94728044,1.00000000,1.00000000,0.95827821,0.01000000,-0.01000000,-0.13000000,303.37500000,1.12500000,3.31250000,0.88012695,-0.02117920,-0.02264404,0.47375488
0.94728044,1.00000000,1.00000000,0.95827821,0.03000000,0.00000000,-0.11000000,303.37500000,1.12500000,3.31250000,0.88012695,-0.02117920,-0.02264404,0.47375488
0.94728044,1.00000000,1.00000000,0.95827821,0.03000000,-0.01000000,-0.11000000,303.37500000,1.12500000,3.31250000,0.88012695,-0.02117920,-0.02264404,0.47375488
0.94728044,1.00000000,1.00000000,0.95827821,0.03000000,0.01000000,-0.11000000,-1744.62500000,1.12500000,3.31250000,0.88012695,-0.02117920,-0.02264404,0.47375488
0.94728044,1.00000000,1.00000000,0.95827821,0.01000000,0.01000000,-0.12000000,303.37500000,1.12500000,3.31250000,0.88012695,-0.02117920,-0.02264404,0.47375488
0.94728044,1.00000000,1.00000000,0.95827821,0.03000000,0.00000000,-0.11000000,303.37500000,1.12500000,3.31250000,0.88012695,-0.02117920,-0.02264404,0.47375488
0.94728044,1.00000000,1.00000000,0.95827821,0.01000000,0.00000000,-0.13000000,303.37500000,1.12500000,3.31250000,0.88012695,-0.02117920,-0.02264404,0.47375488
0.94728044,1.00000000,1.00000000,0.95827821,0.01000000,0.01000000,-0.14000000,303.37500000,1.12500000,3.31250000,0.88012695,-0.02117920,-0.02264404,0.47375488
0.94728044,1.00000000,1.00000000,0.95827821,0.01000000,0.00000000,-0.10000000,303.37500000,1.12500000,3.31250000,0.88012695,-0.02117920,-0.02264404,0.47375488
0.94728044,1.00000000,1.00000000,0.95827821,0.03000000,0.01000000,-0.15000000,303.37500000,1.12500000,3.31250000,0.88012695,-0.02117920,-0.02264404,0.47375488
0.94728044,1.00000000,1.00000000,0.95827821,0.01000000,0.02000000,-0.09000000,303.37500000,1.12500000,3.31250000,0.88012695,1.97882080,-0.02264404,0.47375488
0.94728044,1.00000000,1.00000000,0.95827821,0.03000000,0.00000000,-0.13000000,303.37500000,1.12500000,3.31250000,0.88012695,-0.02117920,-0.02264404,0.47375488
0.94728044,1.00000000,1.00000000,0.95827821,0.03000000,0.00000000,-0.13000000,303.37500000,1.12500000,3.31250000,0.88012695,-0.02117920,-0.02264404,0.47375488
0.94728044,1.00000000,1.00000000,0.95827821,0.01000000,0.00000000,-0.13000000,303.37500000,1.12500000,3.31250000,0.88012695,-0.02117920,-0.02264404,0.47375488
0.94728044,1.00000000,1.00000000,0.95827821,0.01000000,0.00000000,-0.13000000,303.37500000,1.12500000,3.31250000,0.88012695,-0.02117920,-0.02264404,0.47375488
0.94728044,1.00000000,1.00000000,0.95827821,0.01000000,0.00000000,-0.12000000,303.37500000,1.12500000,3.31250000,0.88012695,-0.02117920,-0.02264404,0.47375488
0.94728044,1.00000000,1.00000000,0.95827821,0.01000000,0.00000000,-0.12000000,303.37500000,1.12500000,3.31250000,0.88012695,-0.02117920,-0.02264404,0.47375488
0.94728044,1.00000000,1.00000000,0.95827821,0.01000000,0.01000000,-0.12000000,303.37500000,1.12500000,3.31250000,0.88012695,-0.02117920,-0.02264404,0.47375488
0.94728044,1.00000000,1.00000000,0.95827821,0.01000000,0.00000000,-0.14000000,303.37500000,1.12500000,3.31250000,0.88012695,-0.02117920,-0.02264404,0.47375488
0.94728044,1.00000000,1.00000000,0.95827821,0.02000000,0.00000000,-0.12000000,303.37500000,1.12500000,3.31250000,0.88012695,-0.02117920,-0.02264404,0.47375488
0.94728044,1.00000000,1.00000000,0.95827821,0.02000000,0.01000000,-0.13000000,303.37500000,1.12500000,3.31250000,0.88012695,-0.02117920,-0.02264404,0.47375488
0.94728044,1.00000000,1.00000000,0.95827821,0.01000000,0.00000000,-0.10000000,303.37500000,1.12500000,3.31250000,0.88012695,-0.02117920,-0.02264404,0.47375488
0.94728044,1.00000000,1.00000000,0.95827821,0.01000000,0.00000000,-0.10000000,303.37500000,1.12500000,3.31250000,0.88012695,-0.02117920,-0.02264404,0.47375488
0.94728044,1.00000000,1.00000000,0.95827821,0.01000000,0.00000000,-0.14000000,303.37500000,1.12500000,3.31250000,0.88012695,-0.02117920,-0.02264404,0.47375488
0.94728044,1.00000000,1.00000000,0.95827821,0.02000000,0.00000000,-0.11000000,303.37500000,1.12500000,3.31250000,0.88012695,-0.02117920,-0.02264404,0.47375488
0.94728044,1.00000000,1.00000000,0.95827821,0.01000000,0.01000000,-0.12000000,303.37500000,1.12500000,3.31250000,0.88012695,-0.02117920,-0.02264404,0.47375488
0.94728044,1.00000000,1.00000000,0.95827821,0.02000000,0.02000000,-0.13000000,303.37500000,1.12500000,3.31250000,0.88012695,-0.02117920,-0.02264404,0.47375488
0.94728044,1.00000000,1.00000000,0.95827821,0.02000000,-0.01000000,-0.13000000,303.37500000,1.12500000,3.31250000,0.88012695,-0.02117920,-0.02264404,0.47375488
0.94728044,1.00000000,1.00000000,0.95827821,0.00000000,0.00000000,-0.13000000,303.37500000,1.12500000,3.31250000,0.88012695,-0.02117920,-0.02264404,0.47375488
0.94728044,1.00000000,1.00000000,0.95827821,0.02000000,0.00000000,-0.13000000,303.37500000,1.12500000,3.31250000,0.88012695,-0.02117920,-0.02264404,0.47375488
0.94728044,1.00000000,1.00000000,0.95827821,0.01000000,0.00000000,-0.11000000,303.37500000,1.12500000,3.31250000,0.88012695,-0.02117920,-0.02264404,0.47375488
0.94728044,1.00000000,1.00000000,0.95827821,0.03000000,0.00000000,-0.10000000,303.37500000,1.12500000,3.31250000,0.88012695,-0.02117920,-0.02264404,0.47375488
0.94728044,1.00000000,1.00000000,0.95827821,0.02000000,-0.02000000,-0.11000000,303.37500000,1.12500000,3.31250000,0.88012695,-0.02117920,-0.02264404,0.47375488
0.94728044,1.00000000,1.00000000,0.95827821,0.02000000,0.00000000,-0.13000000,303.37500000,1.12500000,3.31250000,0.88012695,-0.02117920,-0.02264404,0.47375488
0.94728044,1.00000000,1.00000000,0.95827821,0.03000000,0.00000000,-0.12000000,303.37500000,1.12500000,3.31250000,0.88012695,-0.02117920,-0.02264404,0.47375488
0.94728044,1.00000000,1.00000000,0.95827821,0.02000000,0.00000000,-0.12000000,303.37500000,1.12500000,3.31250000,0.88012695,-0.02117920,-0.02264404,0.47375488
0.94728044,1.00000000,1.00000000,0.95827821,0.01000000,0.00000000,-0.11000000,303.37500000,1.12500000,3.31250000,0.88012695,-0.02117920,-0.02264404,0.47375488
0.94728044,1.00000000,1.00000000,0.95827821,0.02000000,0.00000000,-0.13000000,303.37500000,1.12500000,3.31250000,0.88012695,-0.02117920,-0.02264404,0.47375488
0.94728044,1.00000000,1.00000000,0.95827821,0.01000000,0.00000000,-0.11000000,303.37500000,1.12500000,3.31250000,0.88012695,-0.02117920,-0.02264404,0.47375488
0.94728044,1.00000000,1.00000000,0.95827821,0.02000000,0.01000000,-0.13000000,303.37500000,1.12500000,3.31250000,0.88012695,-0.02117920,-0.02264404,0.47375488
0.94728044,1.00000000,1.00000000,0.95827821,0.02000000,0.00000000,-0.13000000,303.37500000,1.12500000,3.31250000,0.88012695,-0.02117920,-0.02264404,0.47375488
0.94728044,1.00000000,1.00000000,0.95827821,0.02000000,0.02000000,-0.14000000,303.37500000,1.12500000,3.31250000,0.88012695,-0.02117920,-0.02264404,0.47375488
0.94728044,1.00000000,1.00000000,0.95827821,0.02000000,0.02000000,-0.14000000,303.37500000,1.12500000,3.31250000,0.88012695,-0.02117920,-0.02264404,0.47375488
0.94728044,1.00000000,1.00000000,0.95827821,0.04000000,0.00000000,-0.15000000,303.37500000,1.12500000,3.31250000,0.88012695,-0.02117920,-0.02264404,0.47375488
0.94728044,1.00000000,1.00000000,0.95827821,0.03000000,0.01000000,-0.13000000,303.37500000,1.12500000,3.31250000,0.88012695,-0.02117920,-0.02264404,0.47375488
0.94728044,1.00000000,1.00000000,0.95827821,0.01000000,0.00000000,-0.11000000,303.37500000,1.12500000,3.31250000,0.88012695,-0.02117920,-0.02264404,0.47375488
0.94728044,1.00000000,1.00176463,0.95827821,0.01000000,0.00000000,-0.14000000,303.37500000,1.12500000,3.31250000,0.88012695,-0.02117920,-0.02264404,0.47375488
0.94728044,1.00138048,1.00000000,0.95827821,0.03000000,0.00000000,-0.10000000,303.37500000,1.12500000,3.31250000,0.88012695,-0.02117920,-0.02264404,0.47375488
0.94728044,1.00000000,1.00000000,0.95827821,0.00000000,-0.01000000,-0.14000000,303.37500000,1.12500000,3.31250000,0.88012695,-0.02117920,-0.02264404,0.47375488
0.94728044,1.00000000,1.00000000,0.95827821,0.03000000,0.00000000,-0.12000000,303.37500000,1.12500000,3.31250000,0.88012695,-0.02117920,-0.02264404,0.47375488
0.94728044,1.00000000,1.00000000,0.95827821,0.02000000,0.02000000,-0.14000000,303.37500000,1.12500000,3.31250000,0.88012695,-0.02117920,-0.02264404,0.47375488
0.94728044,1.00000000,1.00000000,0.95827821,0.02000000,0.00000000,-0.11000000,303.37500000,1.12500000,3.31250000,0.88012695,-0.02117920,-0.02264404,0.47375488
0.94728044,1.00000000,1.00000000,0.95827821,0.02000000,0.00000000,-0.13000000,303.37500000,1.12500000,3.31250000,0.88012695,-0.02117920,-0.02264404,0.47375488
0.94728044,1.00000000,1.00000000,0.95827821,0.03000000,0.01000000,-0.12000000,303.37500000,1.12500000,3.31250000,0.88012695,-0.02117920,-0.02264404,0.47375488
0.94728044,1.00000000,1.00000000,0.95827821,0.03000000,0.00000000,-0.12000000,303.37500000,1.12500000,3.31250000,0.88012695,-0.02117920,-0.02264404,0.47375488
0.94728044,1.00000000,1.00000000,0.95827821,0.01000000,0.00000000,-0.12000000,303.37500000,1.12500000,3.31250000,0.88012695,-0.02117920,-0.02264404,0.47375488
0.94728044,1.00000000,1.00000000,0.95827821,0.01000000,0.00000000,-0.13000000,303.37500000,1.12500000,3.31250000,0.88012695,-0.02117920,-0.02264404,0.47375488
0.94728044,1.00000000,1.00000000,0.95827821,0.02000000,0.00000000,-0.14000000,303.37500000,1.12500000,3.31250000,0.88012695,-0.02117920,-0.02264404,0.47375488
0.94728044,1.00000000,1.00000000,0.95827821,0.02000000,0.01000000,-0.12000000,303.37500000,1.12500000,3.31250000,0.88012695,-0.02117920,-0.02264404,0.47375488
0.94728044,1.00000000,1.00000000,0.95827821,0.02000000,0.00000000,-0.15000000,303.37500000,1.12500000,3.31250000,0.88012695,-0.02117920,-0.02264404,0.47375488
0.94728044,1.00000000,1.00000000,0.95827821,0.00000000,0.00000000,-0.14000000,303.37500000,1.12500000,3.31250000,0.88012695,-0.02117920,-0.02264404,0.47375488
0.94728044,1.00000000,1.00000000,0.95827821,0.03000000,0.01000000,-0.13000000,303.37500000,1.12500000,3.31250000,0.88012695,-0.02117920,-0.02264404,0.47375488
0.94728044,1.00000000,1.00000000,0.95827821,0.02000000,0.01000000,-0.09000000,303.37500000,1.12500000,3.31250000,0.88012695,-0.02117920,-0.02264404,0.47375488
0.94728044,1.00000000,1.00000000,0.95827821,0.01000000,0.00000000,-0.12000000,303.37500000,1.12500000,3.31250000,0.88012695,-0.02117920,-0.02264404,0.47375488
0.94728044,1.00000000,1.00000000,0.95827821,0.01000000,0.00000000,-0.12000000,303.37500000,1.12500000,3.31250000,0.88012695,-0.02117920,-0.02264404,0.47375488
0.94728044,1.00000000,1.00000000,0.95827821,0.03000000,0.02000000,-0.16000000,303.37500000,1.12500000,3.31250000,0.88012695,-0.02117920,-0.02264404,0.47375488
0.94728044,1.00000000,1.00000000,0.95827821,0.02000000,0.01000000,-0.12000000,303.37500000,1.12500000,3.31250000,0.88012695,-0.02117920,-0.02264404,0.47375488
0.94728044,1.00000000,1.00000000,0.95827821,0.02000000,0.00000000,-0.12000000,303.37500000,1.12500000,3.31250000,0.88012695,-0.02117920,-0.02264404,0.47375488
0.94728044,1.00000000,1.00000000,0.95827821,0.00000000,0.01000000,-0.11000000,303.37500000,1.12500000,3.31250000,0.88012695,-0.02117920,-0.02264404,0.47375488
0.94728044,1.00000000,1.00000000,0.95827821,0.02000000,0.03000000,-0.14000000,303.37500000,1.12500000,3.31250000,0.88012695,-0.02117920,-0.02264404,0.47375488
0.94728044,1.00000000,1.00000000,0.95827821,0.01000000,0.00000000,-0.12000000,303.37500000,1.12500000,3.31250000,0.88012695,-0.02117920,-0.02264404,0.47375488
0.94728044,1.00000000,1.00000000,0.95827821,0.00000000,-0.02000000,-0.12000000,303.37500000,1.12500000,3.31250000,0.88012695,-0.02117920,-0.02264404,0.47375488
0.94728044,1.00000000,1.00000000,0.95827821,0.02000000,0.01000000,-0.12000000,303.37500000,1.12500000,3.31250000,0.88012695,-0.02117920,-0.02264404,0.47375488
0.94728044,1.00000000,1.00000000,0.95827821,0.02000000,0.00000000,-0.10000000,303.37500000,1.12500000,3.31250000,0.88012695,-0.02117920,-0.02264404,0.47375488
1.00000000,1.00000000,1.00000000,0.95827821,0.03000000,0.00000000,-0.12000000,303.37500000,1.12500000,3.31250000,0.88012695,-0.02117920,-0.02264404,0.47375488
0.94728044,1.00000000,1.00000000,0.95827821,0.00000000,0.00000000,-0.11000000,303.37500000,1.12500000,3.31250000,0.88012695,-0.02117920,-0.02264404,0.47375488
0.94728044,1.00000000,1.00176463,0.95827821,0.01000000,0.01000000,-0.14000000,303.37500000,1.12500000,3.31250000,0.88012695,-0.02117920,-0.02264404,0.47375488
0.94728044,1.00000000,1.00000000,0.95827821,0.02000000,0.00000000,-1.40000000,303.37500000,1.12500000,3.31250000,0.88012695,-0.02117920,-0.02264404,0.47375488
0.94728044,1.00000000,1.00000000,0.95827821,0.00000000,-0.01000000,-0.15000000,303.37500000,1.12500000,3.31250000,0.88012695,-0.02117920,-0.02264404,0.47375488
0.94728044,1.00000000,1.00000000,0.95827821,0.03000000,0.01000000,-0.12000000,303.37500000,1.12500000,3.31250000,0.88012695,-0.02117920,-0.02264404,0.47375488
0.94728044,1.00000000,1.00000000,0.95827821,0.00000000,0.00000000,-0.09000000,303.37500000,1.12500000,3.31250000,0.88012695,-0.02117920,-0.02264404,0.47375488
0.94728044,1.00000000,1.00000000,0.95827821,0.02000000,0.00000000,-0.12000000,303.37500000,1.12500000,3.31250000,0.88012695,-0.02117920,-0.02264404,0.47375488
0.94728044,1.00000000,1.00000000,1.00000000,0.01000000,0.00000000,-0.12000000,303.37500000,1.12500000,3.31250000,0.88012695,-0.02117920,-0.02264404,0.47375488
0.94728044,1.00000000,1.00000000,0.95827821,0.00000000,0.00000000,-0.15000000,303.37500000,1.12500000,3.31250000,0.88012695,-0.02117920,-0.02264404,0.47375488
0.94728044,1.00000000,1.00000000,0.95827821,0.01000000,0.01000000,-0.11000000,303.37500000,1.12500000,3.31250000,0.88012695,-0.02117920,-0.02264404,0.47375488
